{"type":"FeatureCollection","features":[{"type":"Feature","properties":{"id":"CR-6","name":"C-CRUCE SUPERIOR-Ñ","tipo":"CRUCE","conexiones":"[\"CR-1\",\"CR-5\",\"CR-71\",\"CR-15\"]","edificio_asociado":"null"},"geometry":{"coordinates":[-98.1205788613889,19.407641166218994],"type":"Point"},"id":0},{"type":"Feature","properties":{"id":"CR-5","name":"C-CRUCE SUPERIOR-N","tipo":"CRUCE","conexiones":"[\"CR-4\",\"EE-14\",\"CR-6\"]","edificio_asociado":"null"},"geometry":{"coordinates":[-98.12044041455579,19.40763078899616],"type":"Point"},"id":1},{"type":"Feature","properties":{"id":"EE-14","name":"ENTRADA EDIFICIO N","tipo":"ENTRADA_EDIFICIO","conexiones":["CR-5"],"edificio_asociado":"E-14"},"geometry":{"coordinates":[-98.12041290856257,19.407804607398887],"type":"Point"},"id":3},{"type":"Feature","properties":{"id":"CR-4","name":"C-CRUCE SUPERIOR-L","tipo":"CRUCE","conexiones":"[\"CR-3\",\"CR-5\",\"CR-7\"]","edificio_asociado":"null"},"geometry":{"coordinates":[-98.12026712679825,19.407604845935126],"type":"Point"},"id":3},{"type":"Feature","properties":{"id":"CR-8","name":"NO-CRUCE SUPERIOR-Y","tipo":"CRUCE","conexiones":"[\"CR-7\",\"CR-9\",\"EE-26\"]","edificio_asociado":"null"},"geometry":{"coordinates":[-98.12010203750849,19.408001426138554],"type":"Point"},"id":5},{"type":"Feature","properties":{"id":"CR-7","name":"C-CRUCE SUPERIOR-M","tipo":"CRUCE","conexiones":"[\"CR-4\",\"CR-8\",\"CR-16\"]","edificio_asociado":"null"},"geometry":{"coordinates":[-98.12016202945746,19.407589554138596],"type":"Point"},"id":5},{"type":"Feature","properties":{"id":"CR-9","name":"NO-CRUCE CURVA-Y","tipo":"CRUCE CURVA","conexiones":"[\"CR-8\",\"CR-9\"]","edificio_asociado":"null"},"geometry":{"coordinates":[-98.11996355929818,19.407983228255716],"type":"Point"},"id":6},{"type":"Feature","properties":{"id":"CR-10","name":"NO-CRUCE SUPERIOR","tipo":"CRUCE","conexiones":"[\"CR-9\",\"CR-11\"]","edificio_asociado":"null"},"geometry":{"coordinates":[-98.11989916890626,19.40798089242901],"type":"Point"},"id":7},{"type":"Feature","properties":{"id":"CR-11","name":"NO-CRUCE CURVA","tipo":"CRUCE CURVA","conexiones":"[\"CR-10\",\"CR-12\"]","edificio_asociado":"null"},"geometry":{"coordinates":[-98.11980671090714,19.407986342691203],"type":"Point"},"id":8},{"type":"Feature","properties":{"id":"CR-12","name":"NE-CRUCE","tipo":"CRUCE","conexiones":"[\"CR-11\",\"CR-13\",\"CR-17\"]","edificio_asociado":"null"},"geometry":{"coordinates":[-98.11964986251611,19.407958312768272],"type":"Point"},"id":9},{"type":"Feature","properties":{"id":"CR-13","name":"NE-CRUCE CURVA","tipo":"CRUCE CURVA","conexiones":"[\"CR-12\",\"CR-14\"]","edificio_asociado":"null"},"geometry":{"coordinates":[-98.11971741980958,19.40787214568485],"type":"Point"},"id":10},{"type":"Feature","properties":{"id":"CR-14","name":"SE-CRUCE SUPERIOR-S","tipo":"CRUCE","conexiones":"[\"CR-13\",\"CR-15\",\"PR-4\"]","edificio_asociado":"null"},"geometry":{"coordinates":[-98.11972144382945,19.407803829132817],"type":"Point"},"id":11},{"type":"Feature","properties":{"id":"CR-16","name":"SE-CRUCE SUPERIOR-R","tipo":"CRUCE","conexiones":"[\"CR-15\",\"CR-7\"]","edificio_asociado":"null"},"geometry":{"coordinates":[-98.11978582815058,19.407513483466687],"type":"Point"},"id":12},{"type":"Feature","properties":{"id":"EE-12","name":"ENTRADA EDIFICIO L","tipo":"ENTRADA_EDIFICIO","conexiones":["CR-3"],"edificio_asociado":"E-12"},"geometry":{"coordinates":[-98.12036688370009,19.4074078979464],"type":"Point"},"id":13},{"type":"Feature","properties":{"id":"CR-1","name":"SO-CRUCE SUPERIOR-Ñ","tipo":"CRUCE","conexiones":"[\"AP-003\",\"CR-6\",\"CR-2\"]","edificio_asociado":"null"},"geometry":{"coordinates":[-98.12064946010476,19.407280557322082],"type":"Point"},"id":14},{"type":"Feature","properties":{"id":"CR-0","name":"SO-CRUCE CURVA EP","tipo":"CRUCE CURVA","conexiones":"[\"EP-003\",\"AP-003\"]","edificio_asociado":"null"},"geometry":{"coordinates":[-98.12103179341126,19.40733417308384],"type":"Point"},"id":15},{"type":"Feature","properties":{"id":"AP-003","name":"ACCESO PRINCIPAL 3","tipo":"ACCESO PRINCIPAL","conexiones":["CR-0","CR-1"],"edificio_asociado":null},"geometry":{"coordinates":[-98.12072556001961,19.407290934567214],"type":"Point"},"id":16},{"type":"Feature","properties":{"id":"CR-17","name":"NE-CRUCE PRINCIPAL-X","tipo":"CRUCE","conexiones":"[\"CR-12\",\"CR-18\",\"CR-19\"]","edificio_asociado":"null"},"geometry":{"coordinates":[-98.1196069355878,19.407957534159294],"type":"Point"},"id":17},{"type":"Feature","properties":{"id":"EE-25","name":"ENTRADA EDIFICIO X","tipo":"ENTRADA_EDIFICIO","conexiones":"[\"CR-18\"]","edificio_asociado":"E-25"},"geometry":{"coordinates":[-98.11970225005915,19.408316570334094],"type":"Point"},"id":21},{"type":"Feature","properties":{"id":"CR-18","name":"N-CRUCE PRINCIPAL-X","tipo":"CRUCE","conexiones":"[\"CR-17\",\"EE-25\",\"CR-58\"]","edificio_asociado":"null"},"geometry":{"coordinates":[-98.1196886339374,19.40826391657525],"type":"Point"},"id":19},{"type":"Feature","properties":{"id":"CR-19","name":"NE-CRUCE-V-S","tipo":"CRUCE","conexiones":"[\"CR-17\",\"CR-20\",\"CR-21\",\"EE-20\"]","edificio_asociado":"null"},"geometry":{"coordinates":[-98.11933916373398,19.407928128536483],"type":"Point"},"id":20},{"type":"Feature","properties":{"id":"CR-20","name":"NE-CRUCE-V","tipo":"CRUCE","conexiones":"[\"CR-19\",\"CR-22\"]","edificio_asociado":"null"},"geometry":{"coordinates":[-98.11931401360852,19.408156798929582],"type":"Point"},"id":21},{"type":"Feature","properties":{"id":"CR-22","name":"NE-CRUCE-V","tipo":"CRUCE","conexiones":"[\"CR-20\",\"CR-21\",\"EE-23\"]","edificio_asociado":"null"},"geometry":{"coordinates":[-98.11920838308244,19.408148259377455],"type":"Point"},"id":22},{"type":"Feature","properties":{"id":"CR-21","name":"NE-CRUCE-V","tipo":"CRUCE CURVA","conexiones":"[\"CR-19\",\"CR-22\"]","edificio_asociado":"null"},"geometry":{"coordinates":[-98.11923453921221,19.40791769129075],"type":"Point"},"id":23},{"type":"Feature","properties":{"id":"EE-23","name":"ENTRADA EDIFICIO V","tipo":"ENTRADA_EDIFICIO","conexiones":["CR-22"],"edificio_asociado":"E-23"},"geometry":{"coordinates":[-98.1191932930073,19.408187161779693],"type":"Point"},"id":24},{"type":"Feature","properties":{"id":"EP-003","name":"ENTRADA PRINCIPAL 3","tipo":"ENTRADA PRINCIPAL","conexiones":["CR-0"],"edificio_asociado":null},"geometry":{"coordinates":[-98.12107396926747,19.407190621165057],"type":"Point"},"id":25},{"type":"Feature","properties":{"id":"E-12","name":"EDIFICIO L","tipo":"EDIFICIO","conexiones":["EE-12"]},"geometry":{"coordinates":[[[-98.1205361171735,19.407565368365212],[-98.12057653049602,19.407285100737056],[-98.12039015766454,19.407259796698128],[-98.12034717168858,19.407539633264406],[-98.1205361171735,19.407565368365212]]],"type":"Polygon"},"id":26},{"type":"Feature","properties":{"id":"E-14","name":"EDIFICIO N","tipo":"EDIFICIO","conexiones":["EE-14"]},"geometry":{"coordinates":[[[-98.12046726989836,19.407912335892576],[-98.12048105876858,19.40781218396772],[-98.1203383196717,19.40779477927194],[-98.1203246355744,19.407893365382606],[-98.12046726989836,19.407912335892576]]],"type":"Polygon"},"id":27},{"type":"Feature","properties":{"id":"E-24","name":"EDIFICIO X","tipo":"EDIFICIO","conexiones":["EE-24"]},"geometry":{"coordinates":[[[-98.1198482757427,19.408552067147383],[-98.119871332777,19.408341538953024],[-98.11949930856791,19.408285476165815],[-98.11946135129544,19.408507603215156],[-98.1198482757427,19.408552067147383]]],"type":"Polygon"}},{"type":"Feature","properties":{"id":"E-23","name":"EDIFICIO V","tipo":"EDIFICIO","conexiones":["EE-23"]},"geometry":{"coordinates":[[[-98.11928248655056,19.408536958406827],[-98.11933066021328,19.408206236930397],[-98.11904976874595,19.40816941710611],[-98.11900248433825,19.408499643206653],[-98.11928248655056,19.408536958406827]]],"type":"Polygon"}},{"type":"Feature","properties":{"id":"C-0","from":"EP-003","to":"CR-0","tipo":"CAMINO","distancia_metros":16},"geometry":{"coordinates":[[-98.12107448617152,19.40719130839912],[-98.12103240215711,19.407333972759474]],"type":"LineString"}},{"type":"Feature","properties":{"id":"C-1","from":"CR-0","to":"AP-003","tipo":"CAMINO","distancia_metros":32},"geometry":{"coordinates":[[-98.12103188806782,19.40733426617841],[-98.12072617713122,19.407289806044503]],"type":"LineString"},"id":100},{"type":"Feature","properties":{"id":"C-2","from":"AP-003","to":"CR-1","tipo":"CAMINO","distancia_metros":8},"geometry":{"coordinates":[[-98.12072547519921,19.40729127138674],[-98.12065033021086,19.40727886614046]],"type":"LineString"},"id":101},{"type":"Feature","properties":{"id":"C-3","from":"CR-1","to":"CR-2","tipo":"CAMINO","distancia_metros":35},"geometry":{"coordinates":[[-98.12064996835821,19.407280150872438],[-98.12032050712257,19.40722777362855]],"type":"LineString"}},{"type":"Feature","properties":{"id":"C-7","from":"CR-4","to":"CR-5","tipo":"CAMINO","distancia_metros":18},"geometry":{"coordinates":[[-98.12026731317239,19.4076044273545],[-98.1204409275837,19.407630215524946]],"type":"LineString"}},{"type":"Feature","properties":{"id":"C-8","from":"CR-5","to":"EE-14","tipo":"CAMINO","distancia_metros":19},"geometry":{"coordinates":[[-98.12044055231891,19.40763014544271],[-98.12041326893473,19.407803388917273]],"type":"LineString"}},{"type":"Feature","properties":{"id":"C-9","from":"CR-5","to":"CR-6","tipo":"CAMINO","distancia_metros":15},"geometry":{"coordinates":[[-98.1204406420044,19.407630316943468],[-98.12057874491619,19.407640310290034]],"type":"LineString"}},{"type":"Feature","properties":{"id":"C-11","from":"CR-4","to":"CR-7","tipo":"CAMINO","distancia_metros":11},"geometry":{"coordinates":[[-98.1202680903816,19.407604003929322],[-98.12016245225034,19.40758870246401]],"type":"LineString"}},{"type":"Feature","properties":{"id":"C-13","from":"CR-7","to":"CR-8","tipo":"CAMINO","distancia_metros":46},"geometry":{"coordinates":[[-98.1201630094864,19.4075874928934],[-98.12010110065975,19.408000544119787]],"type":"LineString"},"id":111},{"type":"Feature","properties":{"id":"C-14","from":"CR-8","to":"CR-9","tipo":"CAMINO","distancia_metros":15},"geometry":{"coordinates":[[-98.12010303990031,19.407999880589102],[-98.11996449956531,19.407981082016263]],"type":"LineString"}},{"type":"Feature","properties":{"id":"C-15","from":"CR-9","to":"CR-10","tipo":"CAMINO","distancia_metros":7},"geometry":{"coordinates":[[-98.11996383922896,19.407981783684463],[-98.11989880566837,19.407979343675237]],"type":"LineString"}},{"type":"Feature","properties":{"id":"C-16","from":"CR-10","to":"CR-11","tipo":"CAMINO","distancia_metros":10},"geometry":{"coordinates":[[-98.11989892034786,19.407979389291413],[-98.11980674014895,19.407985563584518]],"type":"LineString"}},{"type":"Feature","properties":{"id":"C-17","from":"CR-11","to":"CR-12","tipo":"CAMINO","distancia_metros":17},"geometry":{"coordinates":[[-98.1198073066883,19.407985226063033],[-98.11965060470985,19.407957286843]],"type":"LineString"}},{"type":"Feature","properties":{"id":"C-18","from":"CR-12","to":"CR-13","tipo":"CAMINO","distancia_metros":12},"geometry":{"coordinates":[[-98.11965037208739,19.407957391992255],[-98.11971791587902,19.40787106622176]],"type":"LineString"}},{"type":"Feature","properties":{"id":"C-22","from":"CR-12","to":"CR-17","tipo":"CAMINO","distancia_metros":4},"geometry":{"coordinates":[[-98.11964993493834,19.407957365877905],[-98.11960722160488,19.40795654198041]],"type":"LineString"}},{"type":"Feature","properties":{"id":"C-23","from":"CR-17","to":"CR-18","tipo":"CAMINO","distancia_metros":35},"geometry":{"coordinates":[[-98.11960746671458,19.407957374699336],[-98.11968848199407,19.408263404922764]],"type":"LineString"}},{"type":"Feature","properties":{"id":"C-24","from":"CR-18","to":"EE-24","tipo":"CAMINO","distancia_metros":6},"geometry":{"coordinates":[[-98.11968874548612,19.408263608161448],[-98.1197025849334,19.40831624214141]],"type":"LineString"}},{"type":"Feature","properties":{"id":"C-25","from":"CR-17","to":"CR-19","tipo":"CAMINO","distancia_metros":28},"geometry":{"coordinates":[[-98.1196071295053,19.407956613938623],[-98.1193390590264,19.407927692052795]],"type":"LineString"}},{"type":"Feature","properties":{"id":"C-26","from":"CR-19","to":"CR-20","tipo":"CAMINO","distancia_metros":25},"geometry":{"coordinates":[[-98.11933891581496,19.40792861134149],[-98.11931415946526,19.40815596496772]],"type":"LineString"}},{"type":"Feature","properties":{"id":"C-27","from":"CR-19","to":"CR-21","tipo":"CAMINO","distancia_metros":11},"geometry":{"coordinates":[[-98.11933899413901,19.407928241404136],[-98.11923473235997,19.407916846951522]],"type":"LineString"}},{"type":"Feature","properties":{"id":"C-29","from":"CR-20","to":"CR-22","tipo":"CAMINO","distancia_metros":11},"geometry":{"coordinates":[[-98.11931415946526,19.40815596496772],[-98.11920887402944,19.40814753934127]],"type":"LineString"}},{"type":"Feature","properties":{"id":"C-30","from":"CR-22","to":"EE-23","tipo":"CAMINO","distancia_metros":5},"geometry":{"coordinates":[[-98.11919342707999,19.408187007151824],[-98.11920849977858,19.40814728559583]],"type":"LineString"}},{"type":"Feature","properties":{},"geometry":{"coordinates":[[-98.11975001084322,19.40760078092687],[-98.11948861913987,19.407564984863853],[-98.1195249680885,19.40732600812663],[-98.11979117068175,19.407361804242242],[-98.1197542871901,19.40760078092687]],"type":"LineString"},"id":59},{"type":"Feature","properties":{},"geometry":{"coordinates":[[-98.11974934738255,19.40760069927572],[-98.11975437652399,19.407601964177218],[-98.11975420888636,19.40760038305126]],"type":"LineString"}},{"type":"Feature","properties":{"id":"CR-26","name":"C-CRUCE SUPERIOR-R","tipo":"CRUCE","conexiones":"[\"CR-107\",\"CR-27\"]","edificio_asociado":"null"},"geometry":{"coordinates":[-98.11981775594211,19.40724155382405],"type":"Point"},"id":55},{"type":"Feature","properties":{"id":"CR-28","name":"C-CRUCE SUPERIOR-R","tipo":"CRUCE","conexiones":"[\"CR-27\",\"CR-29\",\"CR-33\"]","edificio_asociado":"null"},"geometry":{"coordinates":[-98.11949555589432,19.407206927263772],"type":"Point"},"id":57},{"type":"Feature","properties":{"id":"CR-29","name":"C-CRUCE CURVA-R","tipo":"CRUCE CURVA","conexiones":"[\"CR-28\",\"CR-30\"]","edificio_asociado":"null"},"geometry":{"coordinates":[-98.11945135997097,19.407556652162015],"type":"Point"},"id":57},{"type":"Feature","properties":{"id":"CR-30","name":"C-CRUCE SUPERIOR-S-Q","tipo":"CRUCE","conexiones":"[\"CR-29\",\"CR-32\",\"CR-31\",\"EE-20\"]","edificio_asociado":"null"},"geometry":{"coordinates":[-98.11940609802456,19.40761120089755],"type":"Point"},"id":58},{"type":"Feature","properties":{"id":"EE-19","name":"ENTRADA EDIFICIO R","tipo":"ENTRADA_EDIFICIO","conexiones":"[\"CR-106\"]","edificio_asociado":"E-19"},"geometry":{"coordinates":[-98.11965940641532,19.407340774904895],"type":"Point"},"id":59},{"type":"Feature","properties":{"id":"CR-27","name":"C-CRUCE SUPERIOR-R","tipo":"CRUCE","conexiones":"[\"CR-26\",\"PR-1\",\"CR-28\"]","edificio_asociado":"null"},"geometry":{"coordinates":[-98.11967491364427,19.407226222588918],"type":"Point"},"id":60},{"type":"Feature","properties":{"id":"CR-33","name":"C-CRUCE CURVA","tipo":"CRUCE CURVA","conexiones":"[\"CR-28\",\"CR-32\"]","edificio_asociado":"null"},"geometry":{"coordinates":[-98.11951990454894,19.407172648826986],"type":"Point"},"id":74},{"type":"Feature","properties":{"id":"CR-32","name":"C-CRUCE SUPERIOR-Q","tipo":"CRUCE","conexiones":"[\"CR-33\",\"CR-30\",\"CR-36\"]","edificio_asociado":"null"},"geometry":{"coordinates":[-98.11914908984278,19.407123791898286],"type":"Point"},"id":61},{"type":"Feature","properties":{"id":"CR-31","name":"C-CRUCE CURVA-S-Q","tipo":"CRUCE CURVA","conexiones":"[\"CR-34\",\"CR-30\"]","edificio_asociado":"null"},"geometry":{"coordinates":[-98.11880630356801,19.407522182040097],"type":"Point"},"id":76},{"type":"Feature","properties":{"id":"CR-34","name":"E-CRUCE SUPERIOR-CAFE","tipo":"CRUCE","conexiones":"[\"CR-35\",\"CR-38\",\"CR-31\"]","edificio_asociado":"null"},"geometry":{"coordinates":[-98.11885558843481,19.407244852445714],"type":"Point"},"id":77},{"type":"Feature","properties":{"id":"CR-35","name":"E-CRUCE SUPERIOR-CAFE","tipo":"CRUCE","conexiones":"[\"CR-36\",\"CR-34\",\"CR-37\"]","edificio_asociado":"null"},"geometry":{"coordinates":[-98.11887268732366,19.407093380437203],"type":"Point"},"id":64},{"type":"Feature","properties":{"id":"EE-18","name":"ENTRADA EDIFICIO Q","tipo":"ENTRADA_EDIFICIO","conexiones":"[\"PR-2\"]","edificio_asociado":"E-18"},"geometry":{"coordinates":[-98.11902313612661,19.407289085620178],"type":"Point"},"id":65},{"type":"Feature","properties":{"id":"CR-36","name":"E-CRUCE SUPERIOR-Q","tipo":"CRUCE","conexiones":"[\"CR-32\",\"CR-108\",\"CR-35\"]","edificio_asociado":"null"},"geometry":{"coordinates":[-98.1190288358215,19.407110101879894],"type":"Point"},"id":66},{"type":"Feature","properties":{"id":"C-36","from":"CR-26","to":"CR-27","tipo":"CAMINO","distancia_metros":15},"geometry":{"coordinates":[[-98.11981770146004,19.40724192143435],[-98.11967470619162,19.40722658447433]],"type":"LineString"}},{"type":"Feature","properties":{"id":"C-38","from":"CR-27","to":"CR-28","tipo":"CAMINO","distancia_metros":19},"geometry":{"coordinates":[[-98.11967472137589,19.407226328394543],[-98.11949551650973,19.407207196797472]],"type":"LineString"}},{"type":"Feature","properties":{"id":"C-39","from":"CR-28","to":"CR-33","tipo":"CAMINO","distancia_metros":5},"geometry":{"coordinates":[[-98.11949557369637,19.407207060118367],[-98.1195198812154,19.407172749591]],"type":"LineString"}},{"type":"Feature","properties":{"id":"C-40","from":"CR-33","to":"CR-32","tipo":"CAMINO","distancia_metros":39},"geometry":{"coordinates":[[-98.1195198813037,19.407172591501464],[-98.11914906640457,19.407124050784162]],"type":"LineString"}},{"type":"Feature","properties":{"id":"C-41","from":"CR-32","to":"CR-36","tipo":"CAMINO","distancia_metros":13},"geometry":{"coordinates":[[-98.11914940218792,19.40712405073576],[-98.1190287027823,19.407110453009324]],"type":"LineString"}},{"type":"Feature","properties":{"id":"C-43","from":"CR-36","to":"CR-35","tipo":"CAMINO","distancia_metros":17},"geometry":{"coordinates":[[-98.11902903828086,19.40711029527661],[-98.11887263196773,19.4070936934]],"type":"LineString"}},{"type":"Feature","properties":{"id":"CR-37","name":"E-CRUCE SUPERIOR-CAFE","tipo":"CRUCE","conexiones":"[\"CR-35\",\"CR-38\",\"EE-21\"]","edificio_asociado":"null"},"geometry":{"coordinates":[-98.11876115303609,19.407076459182377],"type":"Point"},"id":73},{"type":"Feature","properties":{"id":"C-44","from":"CR-35","to":"CR-37","tipo":"CAMINO","distancia_metros":12},"geometry":{"coordinates":[[-98.11887263233346,19.40709353536093],[-98.11876115302128,19.407076775368637]],"type":"LineString"}},{"type":"Feature","properties":{"id":"CR-38","name":"E-CRUCE SUPERIOR-CAFE","tipo":"CRUCE","conexiones":"[\"CR-37\",\"CR-34\",\"CR-45\"]","edificio_asociado":"null"},"geometry":{"coordinates":[-98.11873617537155,19.40722350418862],"type":"Point"},"id":92},{"type":"Feature","properties":{"id":"C-45","from":"CR-37","to":"CR-38","tipo":"CAMINO","distancia_metros":17},"geometry":{"coordinates":[[-98.11876114084592,19.407076779854805],[-98.11873616281419,19.407223824998965]],"type":"LineString"}},{"type":"Feature","properties":{"id":"C-46","from":"CR-38","to":"CR-34","tipo":"CAMINO","distancia_metros":13},"geometry":{"coordinates":[[-98.11873633040625,19.407223508745986],[-98.11885585634577,19.40724501211153]],"type":"LineString"}},{"type":"Feature","properties":{"id":"C-47","from":"CR-34","to":"CR-35","tipo":"CAMINO","distancia_metros":17},"geometry":{"coordinates":[[-98.11885568855354,19.40724517031626],[-98.11887262004184,19.407093698049366]],"type":"LineString"}},{"type":"Feature","properties":{"id":"C-48","from":"CR-34","to":"CR-31","tipo":"CAMINO","distancia_metros":31},"geometry":{"coordinates":[[-98.11885568863791,19.407245011995343],[-98.11880657080702,19.407522341659515]],"type":"LineString"}},{"type":"Feature","properties":{"id":"C-49","from":"CR-31","to":"CR-30","tipo":"CAMINO","distancia_metros":64},"geometry":{"coordinates":[[-98.1188062355311,19.407522341659515],[-98.11940621226182,19.40761135884877]],"type":"LineString"}},{"type":"Feature","properties":{"id":"C-50","from":"CR-30","to":"CR-32","tipo":"CAMINO","distancia_metros":61},"geometry":{"coordinates":[[-98.1194062122334,19.407611358851398],[-98.11914905608336,19.407123739574303]],"type":"LineString"}},{"type":"Feature","properties":{"id":"C-51","from":"CR-28","to":"CR-29","tipo":"CAMINO","distancia_metros":39},"geometry":{"coordinates":[[-98.11949573035456,19.407207065028572],[-98.11945130609963,19.407556652321944]],"type":"LineString"}},{"type":"Feature","properties":{"id":"C-52","from":"CR-29","to":"CR-30","tipo":"CAMINO","distancia_metros":8},"geometry":{"coordinates":[[-98.11945130597744,19.407556968680368],[-98.11940604369994,19.40761167565681]],"type":"LineString"}},{"type":"Feature","properties":{"id":"EE-20","name":"ENTRADA EDIFICIO S","tipo":"ENTRADA_EDIFICIO","conexiones":"[\"CR-30\",\"PR-4\",\"CR-19\"]","edificio_asociado":"E-20"},"geometry":{"coordinates":[-98.11937922135031,19.40776804939611],"type":"Point"},"id":84},{"type":"Feature","properties":{"id":"C-53","from":"CR-30","to":"EE-15","tipo":"CAMINO","distancia_metros":18},"geometry":{"coordinates":[[-98.11940604340256,19.407611518016992],[-98.11937938905066,19.407768365626183]],"type":"LineString"}},{"type":"Feature","properties":{"id":"C-55","from":"EE-15","to":"CR-19","tipo":"CAMINO","distancia_metros":18},"geometry":{"coordinates":[[-98.11937955653201,19.407768207842864],[-98.1193391558717,19.40792853367448]],"type":"LineString"}},{"type":"Feature","properties":{"id":"EE-21","name":"ENTRADA EDIFICIO T","tipo":"ENTRADA_EDIFICIO","conexiones":"[\"CR-37\",\"PR-3\",\"CR-39\"]","edificio_asociado":"E-21"},"geometry":{"coordinates":[-98.11878904507229,19.406874647857464],"type":"Point"},"id":87},{"type":"Feature","properties":{"id":"CR-39","name":"SE-CRUCE CURVA-T","tipo":"CRUCE CURVA","conexiones":"[\"EE-21\",\"CR-40\"]","edificio_asociado":"null"},"geometry":{"coordinates":[-98.11881776766668,19.40665147225083],"type":"Point"},"id":88},{"type":"Feature","properties":{"id":"CR-40","name":"SE-CRUCE SUPERIOR-Z","tipo":"CRUCE","conexiones":"[\"EE-27\",\"CR-41\",\"CR-39\"]","edificio_asociado":"null"},"geometry":{"coordinates":[-98.11848335568794,19.40662115656579],"type":"Point"},"id":89},{"type":"Feature","properties":{"id":"CR-41","name":"SE-CRUCE CURVA-Z","tipo":"CRUCE CURVA","conexiones":"[\"CR-40\",\"CR-42\"]","edificio_asociado":"null"},"geometry":{"coordinates":[-98.11850113634664,19.406472802626197],"type":"Point"},"id":90},{"type":"Feature","properties":{"id":"CR-43","name":"SE-CRUCE CURVA-Z","tipo":"CRUCE CURVA","conexiones":"[\"CR-42\",\"CR-44\"]","edificio_asociado":"null"},"geometry":{"coordinates":[-98.11816056897105,19.406900448232534],"type":"Point"},"id":109},{"type":"Feature","properties":{"id":"CR-44","name":"SE-CRUCE SUPERIOR-Z","tipo":"CRUCE","conexiones":"[\"EE-27\",\"CR-43\",\"CR-45\"]","edificio_asociado":"null"},"geometry":{"coordinates":[-98.11843548531296,19.406930118952744],"type":"Point"},"id":92},{"type":"Feature","properties":{"id":"EE-27","name":"ENTRADA EDIFICIO Z","tipo":"ENTRADA_EDIFICIO","conexiones":"[\"CR-44\",\"CR-40\"]","edificio_asociado":"E-18"},"geometry":{"coordinates":[-98.11846762695197,19.40672048893731],"type":"Point"},"id":93},{"type":"Feature","properties":{"id":"CR-45","name":"SE-CRUCE SUPERIOR-AP-004","tipo":"CRUCE","conexiones":"[\"CR-38\",\"CR-44\",\"AP-004\"]","edificio_asociado":"null"},"geometry":{"coordinates":[-98.11839650442778,19.407173934353267],"type":"Point"},"id":112},{"type":"Feature","properties":{"id":"C-56","from":"CR-37","to":"EE-17","tipo":"CAMINO","distancia_metros":23},"geometry":{"coordinates":[[-98.118761239972,19.407076568084236],[-98.1187890678288,19.40687449961672]],"type":"LineString"}},{"type":"Feature","properties":{"id":"C-57","from":"EE-15","to":"CR-39","tipo":"CAMINO","distancia_metros":25},"geometry":{"coordinates":[[-98.11878906799133,19.40687449989207],[-98.11881773393857,19.406651402056838]],"type":"LineString"}},{"type":"Feature","properties":{"id":"C-58","from":"CR-39","to":"CR-40","tipo":"CAMINO","distancia_metros":35},"geometry":{"coordinates":[[-98.11881790245893,19.40665140219963],[-98.11848346453644,19.406621360833157]],"type":"LineString"}},{"type":"Feature","properties":{"id":"C-59","from":"CR-40","to":"CR-41","tipo":"CAMINO","distancia_metros":17},"geometry":{"coordinates":[[-98.11848329688954,19.406621202716465],[-98.11850106670667,19.406472734038232]],"type":"LineString"}},{"type":"Feature","properties":{"id":"CR-42","name":"SE-CRUCE CURVA-Z","tipo":"CRUCE CURVA","conexiones":"[\"CR-41\",\"CR-43\"]","edificio_asociado":"null"},"geometry":{"coordinates":[-98.11823016400415,19.406447752224324],"type":"Point"},"id":117},{"type":"Feature","properties":{"id":"C-60","from":"CR-41","to":"CR-42","tipo":"CAMINO","distancia_metros":29},"geometry":{"coordinates":[[-98.11850123471788,19.406472734187872],[-98.1182301638285,19.406447752172014]],"type":"LineString"}},{"type":"Feature","properties":{"id":"C-61","from":"CR-42","to":"CR-43","tipo":"CAMINO","distancia_metros":51},"geometry":{"coordinates":[[-98.11823033146699,19.406447752172014],[-98.11816076206844,19.40690027296266]],"type":"LineString"}},{"type":"Feature","properties":{"id":"C-62","from":"CR-43","to":"CR-44","tipo":"CAMINO","distancia_metros":29},"geometry":{"coordinates":[[-98.11816059443007,19.40690043106619],[-98.1184356882757,19.406930314477364]],"type":"LineString"}},{"type":"Feature","properties":{"id":"C-63","from":"CR-44","to":"EE-18","tipo":"CAMINO","distancia_metros":24},"geometry":{"coordinates":[[-98.11843585591417,19.406930314477364],[-98.11846787466143,19.40672049815217]],"type":"LineString"}},{"type":"Feature","properties":{"id":"C-64","from":"EE-18","to":"CR-40","tipo":"CAMINO","distancia_metros":11},"geometry":{"coordinates":[[-98.11846770709066,19.40672049829226],[-98.11848329740033,19.406621361154336]],"type":"LineString"}},{"type":"Feature","properties":{"id":"C-65","from":"CR-38","to":"CR-45","tipo":"CAMINO","distancia_metros":36},"geometry":{"coordinates":[[-98.11873626253796,19.407223455892932],[-98.11839645990591,19.40717396615915]],"type":"LineString"}},{"type":"Feature","properties":{"id":"C-66","from":"CR-45","to":"CR-44","tipo":"CAMINO","distancia_metros":27},"geometry":{"coordinates":[[-98.11839662795569,19.407174124264657],[-98.11843568779852,19.406930471804955]],"type":"LineString"},"id":193},{"type":"Feature","properties":{"id":"AP-004","name":"ACCESO PRINCIPAL 4","tipo":"ACCESO PRINCIPAL","conexiones":"[\"CR-45\"]","edificio_asociado":"null"},"geometry":{"coordinates":[-98.11819009859931,19.40714123677091],"type":"Point"},"id":127},{"type":"Feature","properties":{"id":"C-67","from":"CR-45","to":"AP-004","tipo":"CAMINO","distancia_metros":22},"geometry":{"coordinates":[[-98.11839670012422,19.40717391226339],[-98.11819033757948,19.407141340922365]],"type":"LineString"}},{"type":"Feature","properties":{"id":"EE-26","name":"ENTRADA EDIFICIO Y","tipo":"ENTRADA_EDIFICIO","conexiones":"[\"CR-8\"]","edificio_asociado":"E-26"},"geometry":{"coordinates":[-98.12011953368177,19.4080245573318],"type":"Point"},"id":127},{"type":"Feature","properties":{"id":"CR-57","name":"O-CRUCE CURVA-Y","tipo":"CRUCE CURVA","conexiones":"[\"CR-56\",\"CR-10\"]","edificio_asociado":"null"},"geometry":{"coordinates":[-98.11987478142639,19.40825350279337],"type":"Point"},"id":128},{"type":"Feature","properties":{"id":"CR-56","name":"O-CRUCE CURVA-Y","tipo":"CRUCE CURVA","conexiones":"[\"CR-55\",\"CR-57\"]","edificio_asociado":"null"},"geometry":{"coordinates":[-98.11991266763545,19.408296667371005],"type":"Point"},"id":112},{"type":"Feature","properties":{"id":"CR-55","name":"O-CRUCE SUPERIOR-Y","tipo":"CRUCE","conexiones":"[\"CR-51\",\"CR-54\",\"CR-56\"]","edificio_asociado":"null"},"geometry":{"coordinates":[-98.12001090210542,19.408309158078097],"type":"Point"},"id":112},{"type":"Feature","properties":{"id":"CR-54","name":"O-CRUCE SUPERIOR-ZB","tipo":"CRUCE","conexiones":"[\"CR-53\",\"CR-55\",\"CR-58\"]","edificio_asociado":"null"},"geometry":{"coordinates":[-98.12000855558611,19.40833967367034],"type":"Point"},"id":131},{"type":"Feature","properties":{"id":"CR-51","name":"O-CRUCE SUPERIOR-Y","tipo":"CRUCE","conexiones":"[\"CR-50\",\"CR-52\",\"CR-55\"]","edificio_asociado":"null"},"geometry":{"coordinates":[-98.1202377158918,19.40833714381219],"type":"Point"},"id":132},{"type":"Feature","properties":{"id":"CR-52","name":"O-CRUCE SUPERIOR-ZB","tipo":"CRUCE","conexiones":"[\"CR-51\",\"CR-53\"]","edificio_asociado":"null"},"geometry":{"coordinates":[-98.120232854388,19.408368291855695],"type":"Point"},"id":133},{"type":"Feature","properties":{"id":"CR-50","name":"O-CRUCE CURVA","tipo":"CRUCE CURVA","conexiones":"[\"CR-49\",\"CR-51\"]","edificio_asociado":"null"},"geometry":{"coordinates":[-98.12026856128007,19.408338724901668],"type":"Point"},"id":134},{"type":"Feature","properties":{"id":"CR-49","name":"O-CRUCE SUPERIOR-O-Y","tipo":"CRUCE","conexiones":"[\"CR-48\",\"CR-50\"]","edificio_asociado":"null"},"geometry":{"coordinates":[-98.12027543441451,19.408309316020677],"type":"Point"},"id":135},{"type":"Feature","properties":{"id":"CR-48","name":"O-CRUCE SUPERIOR-O-Y","tipo":"CRUCE","conexiones":"[\"CR-47\",\"CR-49\",\"CR-8\"]","edificio_asociado":"null"},"geometry":{"coordinates":[-98.12031030290646,19.40802424051357],"type":"Point"},"id":118},{"type":"Feature","properties":{"id":"CR-46","name":"O-CRUCE SUPERIOR-O","tipo":"CRUCE","conexiones":"[\"CR-59\",\"EE-19\",\"CR-47\"]","edificio_asociado":"null"},"geometry":{"coordinates":[-98.12051482041345,19.408049854470534],"type":"Point"},"id":119},{"type":"Feature","properties":{"id":"CR-71","name":"NO-CRUCE SUPERIOR-K","tipo":"CRUCE","conexiones":"[\"CR-6\",\"CR-62\",\"CR-70\"]","edificio_asociado":"null"},"geometry":{"coordinates":[-98.12108798555074,19.407674897469107],"type":"Point"},"id":120},{"type":"Feature","properties":{"id":"CR-62","name":"NO-CRUCE SUPERIOR","tipo":"CRUCE","conexiones":"[\"CR-59\",\"CR-63\",CR-71\"]","edificio_asociado":"null"},"geometry":{"coordinates":[-98.12102176872155,19.408102748981136],"type":"Point"},"id":139},{"type":"Feature","properties":{"id":"CR-59","name":"NO-CRUCE SUPERIOR-P","tipo":"CRUCE","conexiones":"[\"CR-62\",\"CR-60\",\"CR-46\"]","edificio_asociado":"null"},"geometry":{"coordinates":[-98.12094348181245,19.408095159647985],"type":"Point"},"id":140},{"type":"Feature","properties":{"id":"CR-60","name":"NO-CRUCE SUPERIOR-P","tipo":"CRUCE","conexiones":"[\"CR-59\",\"CR-63\",\"CR-64\",\"EE-17\"]","edificio_asociado":"null"},"geometry":{"coordinates":[-98.1209290624922,19.40818544184563],"type":"Point"},"id":141},{"type":"Feature","properties":{"id":"EE-17","name":"ENTRADA EDIFICIO P","tipo":"ENTRADA_EDIFICIO","conexiones":"[\"CR-60\",\"CR-66\",\"CR-61\"]","edificio_asociado":"E-17"},"geometry":{"coordinates":[-98.12089905489023,19.408375650208015],"type":"Point"},"id":144},{"type":"Feature","properties":{"id":"CR-61","name":"NO-CRUCE CURVA-P","tipo":"CRUCE_CURVA","conexiones":"[\"EE-17\",\"PR-6\",\"CR-67\"]","edificio_asociado":"null"},"geometry":{"coordinates":[-98.12086820948983,19.408588942752814],"type":"Point"},"id":125},{"type":"Feature","properties":{"id":"EE-27-B","name":"ENTRADA EDIFICIO Z-B","tipo":"ENTRADA_EDIFICIO","conexiones":"[\"CR-53\"]","edificio_asociado":"E-27-B"},"geometry":{"coordinates":[-98.12010819918187,19.408372926502736],"type":"Point"},"id":146},{"type":"Feature","properties":{"id":"CR-53","name":"O-CRUCE SUPERIOR-ZB","tipo":"CRUCE","conexiones":"[\"CR-52\",\"EE-27-B\",\"CR-54\"]","edificio_asociado":"null"},"geometry":{"coordinates":[-98.12011083739455,19.408353517812827],"type":"Point"},"id":145},{"type":"Feature","properties":{"id":"CR-58","name":"O-CRUCE CURVA-ZB-X","tipo":"CRUCE CURVA","conexiones":"[\"CR-54\",\"CR-18\"]","edificio_asociado":"null"},"geometry":{"coordinates":[-98.11982967338861,19.408314354460643],"type":"Point"},"id":129},{"type":"Feature","properties":{"id":"CA-1","name":"NO-AREA DEPORTIVA","tipo":"AREA_DEPORTIVA","conexiones":"[\"CR-67\"]","edificio_asociado":"null"},"geometry":{"coordinates":[-98.12101400520619,19.408661832098716],"type":"Point"},"id":129},{"type":"Feature","properties":{"id":"CR-65","name":"NO-CRUCE CURVA-U","tipo":"CRUCE CURVA","conexiones":"[\"CR-66\",\"CR-64\"]","edificio_asociado":"null"},"geometry":{"coordinates":[-98.12112937423336,19.4084005055239],"type":"Point"},"id":148},{"type":"Feature","properties":{"id":"EE-22-1","name":"ENTRADA EDIFICIO U","tipo":"ENTRADA_EDIFICIO","conexiones":"[\"CR-66\"]","edificio_asociado":"E-22-1"},"geometry":{"coordinates":[-98.12104655754896,19.408423809743965],"type":"Point"},"id":151},{"type":"Feature","properties":{"id":"CR-66","name":"NO-CRUCE SUPERIOR-U","tipo":"CRUCE","conexiones":"[\"EE-17\",\"CR-65\",\"EE-22\"]","edificio_asociado":"null"},"geometry":{"coordinates":[-98.12105108379286,19.408393136062145],"type":"Point"},"id":150},{"type":"Feature","properties":{"id":"EE-22-2","name":"ENTRADA EDIFICIO U","tipo":"ENTRADA_EDIFICIO","conexiones":"[\"CR-67\"]","edificio_asociado":"E-22-2"},"geometry":{"coordinates":[-98.12102157952864,19.408580814355474],"type":"Point"},"id":153},{"type":"Feature","properties":{"id":"CR-96","name":"O-CRUCE SUPERIOR-J","tipo":"CRUCE","conexiones":"[\"CR-95\",\"CR-99\",\"CR-67\"]","edificio_asociado":"null"},"geometry":{"coordinates":[-98.12135228118909,19.408632936962235],"type":"Point"},"id":134},{"type":"Feature","properties":{"id":"CR-73","name":"NO-CRUCE SUPERIOR-J","tipo":"CRUCE","conexiones":"[\"EE-7\",\"CR-64\",\"CR-99\",\"CR-88\"]","edificio_asociado":"null"},"geometry":{"coordinates":[-98.12141061918092,19.408224218828238],"type":"Point"},"id":136},{"type":"Feature","properties":{"id":"CR-64","name":"NO-CRUCE SUPERIOR-J-I","tipo":"CRUCE","conexiones":"[\"CR-73\",\"CR-103\",\"CR-63\",\"CR-60\",\"CR-65\"]","edificio_asociado":"null"},"geometry":{"coordinates":[-98.12116301717403,19.408214415912852],"type":"Point"},"id":154},{"type":"Feature","properties":{"id":"CR-63","name":"NO-CRUCE SUPERIOR","tipo":"CRUCE","conexiones":"[\"CR-62\",\"CR-60\",\"CR-64\"]","edificio_asociado":"null"},"geometry":{"coordinates":[-98.1210243805214,19.40817188378844],"type":"Point"},"id":155},{"type":"Feature","properties":{"id":"CR-70","name":"NO-CRUCE SUPERIOR-I","tipo":"CRUCE","conexiones":"[\"CR-71\",\"CR-64\",\"CR-72\"]","edificio_asociado":"null"},"geometry":{"coordinates":[-98.121247840501,19.40769549184793],"type":"Point"},"id":138},{"type":"Feature","properties":{"id":"CR-95","name":"O-CRUCE SUPERIOR-H","tipo":"CRUCE","conexiones":"[\"CR-94\",\"CR-100,\"CR-96\"]","edificio_asociado":"null"},"geometry":{"coordinates":[-98.12153896011407,19.40868122502036],"type":"Point"},"id":140},{"type":"Feature","properties":{"id":"CR-94","name":"O-CRUCE CURVA-D","tipo":"CRUCE CURVA","conexiones":"[\"CR-101\",\"CR-95\"]","edificio_asociado":"null"},"geometry":{"coordinates":[-98.12177046757525,19.408742413985735],"type":"Point"},"id":141},{"type":"Feature","properties":{"id":"CR-98","name":"O-CRUCE PRINCIPAL-B","tipo":"CRUCE","conexiones":"[\"CR-97\",\"CR-102\"]","edificio_asociado":"null"},"geometry":{"coordinates":[-98.12208334474124,19.40815356468174],"type":"Point"},"id":142},{"type":"Feature","properties":{"id":"CR-88","name":"O-CRUCE SUPERIOR-H","tipo":"CRUCE","conexiones":"[\"CR-93\",\"CR-84\",\"CR-73\",\"CR-100\"]","edificio_asociado":"null"},"geometry":{"coordinates":[-98.12160827901099,19.408251541084667],"type":"Point"},"id":143},{"type":"Feature","properties":{"id":"CR-93","name":"O-CRUCE SUPERIOR-C-D","tipo":"CRUCE","conexiones":"[\"CR-92\",\"CR-88\",\"CR-101\",\"EE-3\"]","edificio_asociado":"null"},"geometry":{"coordinates":[-98.12182654360036,19.408279210632045],"type":"Point"},"id":143},{"type":"Feature","properties":{"id":"CR-92","name":"O-CRUCE SUPERIOR-B","tipo":"CRUCE","conexiones":"[\"CR-93\",\"CR-91\"]","edificio_asociado":"null"},"geometry":{"coordinates":[-98.12184028957252,19.408134696182913],"type":"Point"},"id":162},{"type":"Feature","properties":{"id":"CR-97","name":"O-CRUCE CURVA-B","tipo":"CRUCE CURVA","conexiones":"[\"CR-98\",\"CR-92\"]","edificio_asociado":"null"},"geometry":{"coordinates":[-98.12198529660328,19.40815366966119],"type":"Point"},"id":163},{"type":"Feature","properties":{"id":"AP-001","name":"ACCESO PRINCIPAL 1","tipo":"ACCESO PRINCIPAL","conexiones":"[\"CR-98\"]","edificio_asociado":"null"},"geometry":{"coordinates":[-98.12216517198816,19.407587628651058],"type":"Point"},"id":146},{"type":"Feature","properties":{},"geometry":{"coordinates":[-98.12190027096028,19.407433938813412],"type":"Point"},"id":147},{"type":"Feature","properties":{"id":"CR-75","name":"NO-CRUCE SUPERIOR-B-E","tipo":"CRUCE","conexiones":"[\"CR-74\",\"CR-76\"]","edificio_asociado":"null"},"geometry":{"coordinates":[-98.12185601468312,19.407782101324386],"type":"Point"},"id":148},{"type":"Feature","properties":{"id":"CR-74","name":"NO-CRUCE SUPERIOR-E","tipo":"CRUCE","conexiones":"[\"EE-5-2\",\"CR-75\",\"CR-77\"]","edificio_asociado":"null"},"geometry":{"coordinates":[-98.12170551439873,19.40776111955917],"type":"Point"},"id":167},{"type":"Feature","properties":{"id":"EE-5-2","name":"ENTRADA EDIFICIO E","tipo":"ENTRADA_EDIFICIO","conexiones":"[\"EE-27-1\",\"CR-74\"]","edificio_asociado":"E-5-2"},"geometry":{"coordinates":[-98.12168823919667,19.40775867537782],"type":"Point"},"id":150},{"type":"Feature","properties":{"id":"EE-5-4","name":"ENTRADA EDIFICIO E","tipo":"ENTRADA_EDIFICIO","conexiones":"","edificio_asociado":"E-5-4"},"geometry":{"coordinates":[-98.12167528258088,19.407855080653945],"type":"Point"},"id":169},{"type":"Feature","properties":{"id":"CR-77","name":"NO-CRUCE SUPERIOR-B-E","tipo":"CRUCE","conexiones":"[\"CR-74\",\"CR-76\",\"CR-78\"]","edificio_asociado":"null"},"geometry":{"coordinates":[-98.12169255806879,19.407856981602947],"type":"Point"},"id":170},{"type":"Feature","properties":{"id":"CR-76","name":"NO-CRUCE SUPERIOR-B","tipo":"CRUCE","conexiones":"[\"CR-75\",\"CR-77\",\"CR-89\",\"EE-2-1\"]","edificio_asociado":"null"},"geometry":{"coordinates":[-98.1218451581919,19.407878163684003],"type":"Point"},"id":153},{"type":"Feature","properties":{"id":"CR-78","name":"NO-CRUCE CURVA","tipo":"CRUCE CURVA","conexiones":"[\"CR-77\",\"CR-79\"]","edificio_asociado":"null"},"geometry":{"coordinates":[-98.12168737540249,19.40789880254978],"type":"Point"},"id":155},{"type":"Feature","properties":{"id":"CR-79","name":"NO-CRUCE CURVA","tipo":"CRUCE CURVA","conexiones":"[\"CR-78\",\"CR-80\"]","edificio_asociado":"null"},"geometry":{"coordinates":[-98.12166894821551,19.407906949470046],"type":"Point"},"id":156},{"type":"Feature","properties":{"id":"CR-89","name":"O-CRUCE SUPERIOR-B","tipo":"CRUCE","conexiones":"[\"CR-76\",\"CR-86\",\"CR-90\"]","edificio_asociado":"null"},"geometry":{"coordinates":[-98.12181982184582,19.408082922951976],"type":"Point"},"id":156},{"type":"Feature","properties":{"id":"CR-90","name":"O-CRUCE CURVA-B","tipo":"CRUCE CURVA","conexiones":"[\"CR-91\",\"CR-89\"]","edificio_asociado":"null"},"geometry":{"coordinates":[-98.12181579089886,19.408113881210653],"type":"Point"},"id":157},{"type":"Feature","properties":{"id":"CR-82","name":"O-CRUCE SUPERIOR","tipo":"CRUCE","conexiones":"[\"CR-81\",\"PR-7\",\"CR-83\",\"EE-7\"]","edificio_asociado":"null"},"geometry":{"coordinates":[-98.12159524050391,19.408059296908718],"type":"Point"},"id":158},{"type":"Feature","properties":{"id":"CR-84","name":"O-CRUCE SUPERIOR","tipo":"CRUCE","conexiones":"[\"CR-83\",\"PR-7\",\"CR-85\",\"CR-88\"]","edificio_asociado":"null"},"geometry":{"coordinates":[-98.12162633638205,19.40808428077014],"type":"Point"},"id":160},{"type":"Feature","properties":{"id":"CR-86","name":"O-CRUCE SUPERIOR","tipo":"CRUCE","conexiones":"[\"CR-89\",\"CR-85\",\"PR-7\",\"CR-87\"]","edificio_asociado":"null"},"geometry":{"coordinates":[-98.12165858395983,19.408062555672558],"type":"Point"},"id":161},{"type":"Feature","properties":{"id":"CR-80","name":"NO-CRUCE SUPERIOR","tipo":"CRUCE","conexiones":"[\"CR-79\",\"CR-81\",\"PR-7\",\"CR-87\"]","edificio_asociado":"null"},"geometry":{"coordinates":[-98.12162979147978,19.408025079873966],"type":"Point"},"id":162},{"type":"Feature","properties":{"id":"CR-81","name":"NO-CRUCE CURVA","tipo":"CRUCE CURVA","conexiones":"[\"CR-80\",\"CR-82\"]","edificio_asociado":"null"},"geometry":{"coordinates":[-98.12160330239834,19.408035127733697],"type":"Point"},"id":163},{"type":"Feature","properties":{"id":"CR-87","name":"CRUCE SUPERIOR NS","tipo":"CRUCE","conexiones":"","edificio_asociado":"null"},"geometry":{"coordinates":[-98.12165512886212,19.408037571807768],"type":"Point"},"id":164},{"type":"Feature","properties":{"id":"CR-85","name":"O-CRUCE CURVA","tipo":"CRUCE CURVA","conexiones":"[\"CR-84\",\"CR-86\"]","edificio_asociado":"null"},"geometry":{"coordinates":[-98.1216450514942,19.408079935751516],"type":"Point"},"id":165},{"type":"Feature","properties":{"id":"CR-83","name":"O-CRUCE CURVA","tipo":"CRUCE CURVA","conexiones":"[\"CR-82\",\"CR-84\"]","edificio_asociado":"null"},"geometry":{"coordinates":[-98.12160906089413,19.408076405422847],"type":"Point"},"id":183},{"type":"Feature","properties":{"id":"EE-7","name":"ENTRADA EDIFICIO G","tipo":"ENTRADA_EDIFICIO","conexiones":"[\"CR-82\",\"CR-73\"]","edificio_asociado":"E-7"},"geometry":{"coordinates":[-98.12142202934936,19.40802448807925],"type":"Point"},"id":166},{"type":"Feature","properties":{"id":"CR-72","name":"NO-CRUCE SUPERIOR-E","tipo":"CRUCE","conexiones":"[\"CR-70\",\"EE-5-1\"]","edificio_asociado":"null"},"geometry":{"coordinates":[-98.1214775097956,19.407722916691114],"type":"Point"},"id":167},{"type":"Feature","properties":{"id ":"EE-15","name":"ENTRADA EDIFICIO Ñ","tipo":"ENTRADA_EDIFICIO","conexiones":"[\"CR-6\",\"CR-46\"]","edificio_asociado":"E-15"},"geometry":{"coordinates":[-98.12058172583062,19.407663102144028],"type":"Point"},"id":186},{"type":"Feature","properties":{"id":"C-68","from":"CR-6","to":"EE-19","tipo":"CAMINO","distancia_metros":2},"geometry":{"coordinates":[[-98.12057887594389,19.40764112452156],[-98.12058172579086,19.407663260282973]],"type":"LineString"}},{"type":"Feature","properties":{"id":"C-69","from":"EE-19","to":"CR-46","tipo":"CAMINO","distancia_metros":44},"geometry":{"coordinates":[[-98.12058141769849,19.4076630556512],[-98.12051430009458,19.408050362638576]],"type":"LineString"}},{"type":"Feature","properties":{"id":"EE-16","name":"ENTRADA EDIFICIO O","tipo":"ENTRADA_EDIFICIO","conexiones":"[\"CR-47\"]","edificio_asociado":"E-16"},"geometry":{"coordinates":[-98.12044427651517,19.408054633572945],"type":"Point"},"id":191},{"type":"Feature","properties":{"id":"CR-47","name":"O-CRUCE SUPERIOR-O","tipo":"CRUCE","conexiones":"[\"CR-47\",\"EE-16\",\"CR-48\"]","edificio_asociado":"null"},"geometry":{"coordinates":[-98.12044595289545,19.40804056158767],"type":"Point"},"id":172},{"type":"Feature","properties":{"id":"C-70","from":"CR-46","to":"CR-47","tipo":"CAMINO","distancia_metros":7},"geometry":{"coordinates":[[-98.12051486286748,19.40805014278375],[-98.1204461859572,19.40804059921797]],"type":"LineString"}},{"type":"Feature","properties":{"id":"C-71","from":"CR-47","to":"EE-20","tipo":"CAMINO","distancia_metros":2},"geometry":{"coordinates":[[-98.1204461859572,19.40804059921797],[-98.12044446365246,19.40805440692928]],"type":"LineString"}},{"type":"Feature","properties":{"id":"C-72","from":"CR-47","to":"CR-48","tipo":"CAMINO","distancia_metros":14},"geometry":{"coordinates":[[-98.12044661666631,19.408040599166526],[-98.12031055457533,19.408024354797803]],"type":"LineString"}},{"type":"Feature","properties":{"id":"C-73","from":"CR-48","to":"CR-8","tipo":"CAMINO","distancia_metros":22},"geometry":{"coordinates":[[-98.12031007568685,19.408024410569183],[-98.1201020370765,19.408001800526975]],"type":"LineString"}},{"type":"Feature","properties":{"id":"C-74","from":"CR-8","to":"EE-22","tipo":"CAMINO","distancia_metros":3},"geometry":{"coordinates":[[-98.1201020370765,19.408002116751888],[-98.12011947143489,19.408024726800846]],"type":"LineString"},"id":270},{"type":"Feature","properties":{"id":"C-75","from":"CR-48","to":"CR-49","tipo":"CAMINO","distancia_metros":32},"geometry":{"coordinates":[[-98.12031041107716,19.40802441052452],[-98.12027554211609,19.408309644399097]],"type":"LineString"}},{"type":"Feature","properties":{"id":"C-76","from":"CR-49","to":"CR-50","tipo":"CAMINO","distancia_metros":3},"geometry":{"coordinates":[[-98.12027554211609,19.40830948628755],[-98.12026866895545,19.408338736994565]],"type":"LineString"},"id":272},{"type":"Feature","properties":{"id":"C-77","from":"CR-50","to":"CR-51","tipo":"CAMINO","distancia_metros":3},"geometry":{"coordinates":[[-98.12026866899369,19.408338736985556],[-98.12023782358997,19.408337155865496]],"type":"LineString"},"id":273},{"type":"Feature","properties":{"id":"C-78","from":"CR-51","to":"CR-52","tipo":"CAMINO","distancia_metros":4},"geometry":{"coordinates":[[-98.12023782362013,19.408337313986365],[-98.12023296211635,19.408368620142568]],"type":"LineString"}},{"type":"Feature","properties":{"id":"C-79","from":"CR-52","to":"CR-53","tipo":"CAMINO","distancia_metros":13},"geometry":{"coordinates":[[-98.12023296201544,19.408368303832688],[-98.12011075386721,19.408353283203184]],"type":"LineString"}},{"type":"Feature","properties":{"id":"C-80","from":"CR-53","to":"EE-21","tipo":"CAMINO","distancia_metros":2},"geometry":{"coordinates":[[-98.12011075402413,19.40835359941248],[-98.12010823945373,19.40837288906299]],"type":"LineString"}},{"type":"Feature","properties":{"id":"C-81","from":"CR-53","to":"CR-54","tipo":"CAMINO","distancia_metros":11},"geometry":{"coordinates":[[-98.12011075424044,19.40835344128233],[-98.12000866265994,19.408339527434478]],"type":"LineString"}},{"type":"Feature","properties":{"id":"C-82","from":"CR-51","to":"CR-55","tipo":"CAMINO","distancia_metros":24},"geometry":{"coordinates":[[-98.12023765592754,19.40833731386894],[-98.12001084143702,19.408309169968334]],"type":"LineString"}},{"type":"Feature","properties":{"id":"C-83","from":"CR-55","to":"CR-54","tipo":"CAMINO","distancia_metros":3},"geometry":{"coordinates":[[-98.12001084173191,19.40830932809797],[-98.12000866243679,19.40833984369955]],"type":"LineString"}},{"type":"Feature","properties":{"id":"C-84","from":"CR-54","to":"CR-58","tipo":"CAMINO","distancia_metros":19},"geometry":{"coordinates":[[-98.12000849466337,19.408339843686306],[-98.11982962505839,19.408314387653903]],"type":"LineString"}},{"type":"Feature","properties":{"id":"C-85","from":"CR-58","to":"CR-18","tipo":"CAMINO","distancia_metros":16},"geometry":{"coordinates":[[-98.11982979273078,19.408314387643955],[-98.11968880911921,19.40826363370458]],"type":"LineString"}},{"type":"Feature","properties":{"id":"C-86","from":"CR-55","to":"CR-56","tipo":"CAMINO","distancia_metros":10},"geometry":{"coordinates":[[-98.12001100909548,19.40830916995054],[-98.11991260555271,19.408296679106527]],"type":"LineString"}},{"type":"Feature","properties":{"id":"C-87","from":"CR-56","to":"CR-57","tipo":"CAMINO","distancia_metros":6},"geometry":{"coordinates":[[-98.11991277333466,19.408296678946172],[-98.11987471949372,19.40825351437637]],"type":"LineString"}},{"type":"Feature","properties":{"id":"C-88","from":"CR-57","to":"CR-10","tipo":"CAMINO","distancia_metros":30},"geometry":{"coordinates":[[-98.11987488715778,19.408253514367345],[-98.1198991946311,19.407980929298517]],"type":"LineString"}},{"type":"Feature","properties":{"id":"C-89","from":"CR-46","to":"CR-59","tipo":"CAMINO","distancia_metros":45},"geometry":{"coordinates":[[-98.12051483642094,19.40804996084387],[-98.12094365423289,19.408095180920682]],"type":"LineString"}},{"type":"Feature","properties":{"id":"C-90","from":"CR-59","to":"CR-60","tipo":"CAMINO","distancia_metros":10},"geometry":{"coordinates":[[-98.12094361635707,19.408095104524236],[-98.12092903184565,19.408185544649513]],"type":"LineString"}},{"type":"Feature","properties":{"id":"C-91","from":"CR-59","to":"CR-62","tipo":"CAMINO","distancia_metros":8},"geometry":{"coordinates":[[-98.12094361635707,19.408095262637218],[-98.12102190333277,19.408102852019326]],"type":"LineString"}},{"type":"Feature","properties":{"id":"C-92","from":"CR-62","to":"CR-63","tipo":"CAMINO","distancia_metros":8},"geometry":{"coordinates":[[-98.12102190333277,19.408102693907566],[-98.1210244179038,19.408171947011837]],"type":"LineString"}},{"type":"Feature","properties":{"id":"C-93","from":"CR-63","to":"CR-60","tipo":"CAMINO","distancia_metros":10},"geometry":{"coordinates":[[-98.12102458554143,19.408171947011837],[-98.12092903184565,19.408185386537852]],"type":"LineString"}},{"type":"Feature","properties":{"id":"C-94","from":"CR-60","to":"EE-25","tipo":"CAMINO","distancia_metros":21},"geometry":{"coordinates":[[-98.12092919965303,19.408185228409522],[-98.12089902488111,19.40837543708942]],"type":"LineString"}},{"type":"Feature","properties":{"id":"C-95","from":"EE-25","to":"CR-61","tipo":"CAMINO","distancia_metros":24},"geometry":{"coordinates":[[-98.12089902501921,19.408375753236967],[-98.12086834730074,19.408589045954514]],"type":"LineString"}},{"type":"Feature","properties":{"id":"CR-67","name":"CRUCE SUPERIOR U","tipo":"CRUCE","conexiones":"[\"CR-61\",\"EE-22-2\",\"CR-68\"]","edificio_asociado":"null"},"geometry":{"coordinates":[-98.12101838327129,19.408604224609277],"type":"Point"},"id":200},{"type":"Feature","properties":{"id":"C-96","from":"CR-61","to":"CR-67","tipo":"CAMINO","distancia_metros":16},"geometry":{"coordinates":[[-98.12086812598892,19.408588916155324],[-98.12101849733219,19.408604252986805]],"type":"LineString"}},{"type":"Feature","properties":{"id":"C-97","from":"CR-67","to":"EE-26-2","tipo":"CAMINO","distancia_metros":3},"geometry":{"coordinates":[[-98.12101832966661,19.40860425299782],[-98.12102134715187,19.408580852470564]],"type":"LineString"},"id":2908},{"type":"Feature","properties":{"id":"C-98","from":"EE-25","to":"CR-66","tipo":"CAMINO","distancia_metros":16},"geometry":{"coordinates":[[-98.1208991392074,19.40837562340961],[-98.12105118693093,19.408393173827776]],"type":"LineString"}},{"type":"Feature","properties":{"id":"C-99","from":"CR-66","to":"EE-26-1","tipo":"CAMINO","distancia_metros":3},"geometry":{"coordinates":[[-98.12105101925731,19.408393015710786],[-98.12104666066773,19.40842384752193]],"type":"LineString"},"id":2910},{"type":"Feature","properties":{"id":"C-100","from":"CR-66","to":"CR-65","tipo":"CAMINO","distancia_metros":8},"geometry":{"coordinates":[[-98.1210511868956,19.40839317382344],[-98.12112930623303,19.40840044696877]],"type":"LineString"}},{"type":"Feature","properties":{"id":"C-101","from":"CR-65","to":"CR-64","tipo":"CAMINO","distancia_metros":21},"geometry":{"coordinates":[[-98.12112947381675,19.408400447008646],[-98.12116300141751,19.408214507403017]],"type":"LineString"}},{"type":"Feature","properties":{"id":"C-102","from":"CR-64","to":"CR-60","tipo":"CAMINO","distancia_metros":25},"geometry":{"coordinates":[[-98.12116296445855,19.408214477023222],[-98.1209292771572,19.40818554269616]],"type":"LineString"}},{"type":"Feature","properties":{"id":"C-103","from":"CR-64","to":"CR-63","tipo":"CAMINO","distancia_metros":15},"geometry":{"coordinates":[[-98.12116313158525,19.40821463567302],[-98.12102432726878,19.4081719454189]],"type":"LineString"}},{"type":"Feature","properties":{"id":"EE-5-1","name":"ENTRADA EDIFICIO E","tipo":"ENTRADA_EDIFICIO","conexiones":"[\"CR-72\",\"EE-27-2\"]","edificio_asociado":"E-5-1"},"geometry":{"coordinates":[-98.12156567571743,19.407743893249005],"type":"Point"},"id":226},{"type":"Feature","properties":{"id":"EE-2-1","name":"ENTRADA EDIFICIO B","tipo":"ENTRADA_EDIFICIO","conexiones":"[\"CR-76\",\"EE-2-2\"]","edificio_asociado":"E-2-1"},"geometry":{"coordinates":[-98.12187720585531,19.407881014076068],"type":"Point"},"id":227},{"type":"Feature","properties":{"id":"EE-2-2","name":"ENTRADA EDIFICIO B","tipo":"ENTRADA_EDIFICIO","conexiones":"[\"CR-102\",\"EE-2-2\"]","edificio_asociado":"E-2-2"},"geometry":{"coordinates":[-98.12201232873083,19.40789157979914],"type":"Point"},"id":210},{"type":"Feature","properties":{"id":"C-105","from":"CR-71","to":"CR-62","tipo":"CAMINO","distancia_metros":48},"geometry":{"coordinates":[[-98.12108807171724,19.407674939721417],[-98.12102202232543,19.40810263289839]],"type":"LineString"}},{"type":"Feature","properties":{"id":"C-106","from":"CR-71","to":"CR-70","tipo":"CAMINO","distancia_metros":17},"geometry":{"coordinates":[[-98.12108822659957,19.407675058693158],[-98.12124798567386,19.407695138987265]],"type":"LineString"}},{"type":"Feature","properties":{"id":"C-108","from":"CR-70","to":"CR-72","tipo":"CAMINO","distancia_metros":24},"geometry":{"coordinates":[[-98.12124790592378,19.407695224053242],[-98.12147773501572,19.407723051813676]],"type":"LineString"}},{"type":"Feature","properties":{"id":"C-109","from":"CR-72","to":"EE-27-1","tipo":"CAMINO","distancia_metros":10},"geometry":{"coordinates":[[-98.12147749658104,19.4077229862],[-98.1215656742027,19.407743857050747]],"type":"LineString"}},{"type":"Feature","properties":{"id":"C-110","from":"EE-27-1","to":"EE-27-2","tipo":"CAMINO","distancia_metros":13},"geometry":{"coordinates":[[-98.12156567412589,19.407743857037914],[-98.12168821755009,19.407758719611166]],"type":"LineString"}},{"type":"Feature","properties":{"id":"C-111","from":"EE-27-2","to":"CR-74","tipo":"CAMINO","distancia_metros":2},"geometry":{"coordinates":[[-98.1216883851852,19.407758732067364],[-98.12170548426722,19.407760945642366]],"type":"LineString"}},{"type":"Feature","properties":{"id":"C-112","from":"CR-74","to":"CR-75","tipo":"CAMINO","distancia_metros":16},"geometry":{"coordinates":[[-98.1217056060273,19.40776105138214],[-98.1218559772935,19.407781764109103]],"type":"LineString"}},{"type":"Feature","properties":{"id":"C-113","from":"CR-75","to":"CR-76","tipo":"CAMINO","distancia_metros":11},"geometry":{"coordinates":[[-98.12185612824308,19.407781915530123],[-98.121845399337,19.407877889732276]],"type":"LineString"}},{"type":"Feature","properties":{"id":"C-114","from":"CR-74","to":"CR-77","tipo":"CAMINO","distancia_metros":11},"geometry":{"coordinates":[[-98.12170573696436,19.407761050218767],[-98.12169266123915,19.407857024432545]],"type":"LineString"}},{"type":"Feature","properties":{"id":"C-115","from":"CR-77","to":"CR-76","tipo":"CAMINO","distancia_metros":16},"geometry":{"coordinates":[[-98.12169253233502,19.407856760190484],[-98.12184525061063,19.407877947248338]],"type":"LineString"}},{"type":"Feature","properties":{"id":"C-116","from":"CR-76","to":"EE-28-1","tipo":"CAMINO","distancia_metros":3},"geometry":{"coordinates":[[-98.12184525045747,19.407877789183587],[-98.1218774369652,19.40788095143094]],"type":"LineString"},"id":244},{"type":"Feature","properties":{"id":"C-117","from":"EE-28-1","to":"EE-28-2","tipo":"CAMINO","distancia_metros":14},"geometry":{"coordinates":[[-98.12187726933487,19.407881109543354],[-98.1220125532522,19.407891861183117]],"type":"LineString"},"id":223},{"type":"Feature","properties":{"id":"C-119","from":"CR-77","to":"CR-78","tipo":"CAMINO","distancia_metros":5},"geometry":{"coordinates":[[-98.12169257941957,19.407856843599788],[-98.12168738263964,19.407898585263055]],"type":"LineString"}},{"type":"Feature","properties":{"id":"C-120","from":"CR-78","to":"CR-79","tipo":"CAMINO","distancia_metros":2},"geometry":{"coordinates":[[-98.12168755027746,19.40789874337638],[-98.12166911009032,19.407906807105718]],"type":"LineString"}},{"type":"Feature","properties":{"id":"C-121","from":"CR-79","to":"CR-80","tipo":"CAMINO","distancia_metros":14},"geometry":{"coordinates":[[-98.12166904710831,19.407906768025498],[-98.12162992840096,19.408025011963375]],"type":"LineString"}},{"type":"Feature","properties":{"id":"C-122","from":"CR-80","to":"CR-81","tipo":"CAMINO","distancia_metros":3},"geometry":{"coordinates":[[-98.12162984026055,19.408025029334127],[-98.12160368872243,19.408034990403323]],"type":"LineString"}},{"type":"Feature","properties":{"id":"C-123","from":"CR-81","to":"CR-82","tipo":"CAMINO","distancia_metros":3},"geometry":{"coordinates":[[-98.12160318580835,19.40803514851531],[-98.12159530681956,19.408059497793758]],"type":"LineString"}},{"type":"Feature","properties":{"id":"C-124","from":"CR-82","to":"CR-83","tipo":"CAMINO","distancia_metros":2},"geometry":{"coordinates":[[-98.12159547445737,19.408059497793758],[-98.12160922077864,19.408076415797012]],"type":"LineString"}},{"type":"Feature","properties":{"id":"C-125","from":"CR-83","to":"CR-84","tipo":"CAMINO","distancia_metros":2},"geometry":{"coordinates":[[-98.12160905314083,19.40807673202086],[-98.12162665513694,19.408084321405596]],"type":"LineString"}},{"type":"Feature","properties":{"id":"C-126","from":"CR-84","to":"CR-85","tipo":"CAMINO","distancia_metros":2},"geometry":{"coordinates":[[-98.12162631986133,19.40808416329247],[-98.12164526296253,19.408079894264333]],"type":"LineString"}},{"type":"Feature","properties":{"id":"C-127","from":"CR-85","to":"CR-86","tipo":"CAMINO","distancia_metros":2},"geometry":{"coordinates":[[-98.12164509532407,19.408079894264333],[-98.12165833873128,19.408062343813725]],"type":"LineString"}},{"type":"Feature","properties":{"id":"C-128","from":"CR-86","to":"CR-87","tipo":"CAMINO","distancia_metros":3},"geometry":{"coordinates":[[-98.12165833873128,19.408062660037615],[-98.12165515360766,19.408037203974587]],"type":"LineString"}},{"type":"Feature","properties":{"id":"C-129","from":"CR-87","to":"CR-80","tipo":"CAMINO","distancia_metros":3},"geometry":{"coordinates":[[-98.12165498596985,19.408037203974587],[-98.12163000789836,19.408024871220917]],"type":"LineString"}},{"type":"Feature","properties":{"id":"C-130","from":"CR-82","to":"EE-29","tipo":"CAMINO","distancia_metros":19},"geometry":{"coordinates":[[-98.12159530668352,19.4080593396193],[-98.12142180124519,19.40802455491263]],"type":"LineString"},"id":258},{"type":"Feature","properties":{"id":"C-131","from":"EE-29","to":"CR-73","tipo":"CAMINO","distancia_metros":22},"geometry":{"coordinates":[[-98.1214220019077,19.40802438555008],[-98.12141061900088,19.40822414128101]],"type":"LineString"},"id":259},{"type":"Feature","properties":{"id":"C-132","from":"CR-84","to":"CR-88","tipo":"CAMINO","distancia_metros":19},"geometry":{"coordinates":[[-98.12162651821049,19.40808416549278],[-98.12160843116907,19.408251476100148]],"type":"LineString"},"id":237},{"type":"Feature","properties":{"id":"C-133","from":"CR-89","to":"CR-86","tipo":"CAMINO","distancia_metros":17},"geometry":{"coordinates":[[-98.12181979084684,19.40808289139686],[-98.12165852302921,19.40806233681471]],"type":"LineString"},"id":262},{"type":"Feature","properties":{"id":"CR-91","name":"O-CRUCE CURVA-B","tipo":"CRUCE CURVA","conexiones":"[\"CR-92\",\"CR-90\"]","edificio_asociado":"null"},"geometry":{"coordinates":[-98.12184154523348,19.40811721763619],"type":"Point"},"id":239},{"type":"Feature","properties":{"id":"C-134","from":"CR-89","to":"CR-90","tipo":"CAMINO","distancia_metros":3},"geometry":{"coordinates":[[-98.12181985752476,19.40808295378254],[-98.12181583421145,19.408114101875256]],"type":"LineString"}},{"type":"Feature","properties":{"id":"C-135","from":"CR-90","to":"CR-91","tipo":"CAMINO","distancia_metros":3},"geometry":{"coordinates":[[-98.12181600184928,19.408113627539578],[-98.1218416504733,19.4081169478942]],"type":"LineString"}},{"type":"Feature","properties":{"id":"C-136","from":"CR-91","to":"CR-92","tipo":"CAMINO","distancia_metros":2},"geometry":{"coordinates":[[-98.12184192652332,19.408116980125868],[-98.12184041778109,19.40813468868369]],"type":"LineString"}},{"type":"Feature","properties":{"id":"C-137","from":"CR-92","to":"CR-93","tipo":"CAMINO","distancia_metros":16},"geometry":{"coordinates":[[-98.12184023994361,19.40813453553271],[-98.12182675587432,19.40827897716227]],"type":"LineString"},"id":265},{"type":"Feature","properties":{"id":"C-139","from":"CR-93","to":"CR-88","tipo":"CAMINO","distancia_metros":3},"geometry":{"coordinates":[[-98.12182664851386,19.408279068803736],[-98.12160851888113,19.408251667422192]],"type":"LineString"}},{"type":"Feature","properties":{"id":"C-140","from":"CR-88","to":"CR-73","tipo":"CAMINO","distancia_metros":21},"geometry":{"coordinates":[[-98.12160832841067,19.40825154014142],[-98.12141050920356,19.408224011386523]],"type":"LineString"}},{"type":"Feature","properties":{"id":"C-141","from":"CR-73","to":"CR-64","tipo":"CAMINO","distancia_metros":26},"geometry":{"coordinates":[[-98.12141083972229,19.40822405799767],[-98.12116294005862,19.408214571163995]],"type":"LineString"}},{"type":"Feature","properties":{"id":"C-143","from":"CR-95","to":"CR-94","tipo":"CAMINO","distancia_metros":25},"geometry":{"coordinates":[[-98.12153889222199,19.40868112695462],[-98.12177052572581,19.408742608870753]],"type":"LineString"}},{"type":"Feature","properties":{"id":"C-144","from":"CR-95","to":"CR-96","tipo":"CAMINO","distancia_metros":20},"geometry":{"coordinates":[[-98.12153916375527,19.40868104485773],[-98.12135230730699,19.408633107695607]],"type":"LineString"},"id":250},{"type":"Feature","properties":{"id":"C-146","from":"CR-96","to":"CR-67","tipo":"CAMINO","distancia_metros":35},"geometry":{"coordinates":[[-98.12135243442033,19.40863297690612],[-98.12101816137712,19.40860398762885]],"type":"LineString"},"id":251},{"type":"Feature","properties":{"id":"EE-10","name":"ENTRADA EDIFICIO J","tipo":"ENTRADA_EDIFICIO","conexiones":"[\"CR-99\"]","edificio_asociado":"E-10"},"geometry":{"coordinates":[-98.1213186477069,19.40844403143784],"type":"Point"},"id":249},{"type":"Feature","properties":{"id":"EE-8","name":"ENTRADA EDIFICIO H","tipo":"ENTRADA_EDIFICIO","conexiones":"[\"CR-100\"]","edificio_asociado":"E-8"},"geometry":{"coordinates":[-98.12153788024747,19.40848488443146],"type":"Point"},"id":274},{"type":"Feature","properties":{"id":"EE-4","name":"ENTRADA EDIFICIO D","tipo":"ENTRADA_EDIFICIO","conexiones":"[\"CR-101\"]","edificio_asociado":"E-4"},"geometry":{"coordinates":[-98.12177407294115,19.408510369618767],"type":"Point"},"id":277},{"type":"Feature","properties":{"id":"EE-3","name":"ENTRADA EDIFICIO C","tipo":"ENTRADA_EDIFICIO","conexiones":"[\"CR-93\"]","edificio_asociado":"E-3"},"geometry":{"coordinates":[-98.1218987597142,19.408286399356356],"type":"Point"},"id":276},{"type":"Feature","properties":{"id":"CR-99","name":"NO-CRUCE SUPERIOR-J","tipo":"CRUCE","conexiones":"[\"CR-73\",\"EE-10\",\"CR-96\"]","edificio_asociado":"null"},"geometry":{"coordinates":[-98.12137868667692,19.40844791590014],"type":"Point"},"id":256},{"type":"Feature","properties":{"id":"CR-100","name":"O-CRUCE SUPERIOR-H","tipo":"CRUCE","conexiones":"[\"CR-88\",\"EE-8\",\"CR-95\"]","edificio_asociado":"null"},"geometry":{"coordinates":[-98.12157047167267,19.4084882516688],"type":"Point"},"id":254},{"type":"Feature","properties":{"id":"CR-101","name":"O-CRUCE SUPERIOR-D","tipo":"CRUCE","conexiones":"[\"CR-93\",\"EE-4\",\"CR-94\"]","edificio_asociado":"null"},"geometry":{"coordinates":[-98.12179879466771,19.408511810324057],"type":"Point"},"id":256},{"type":"Feature","properties":{"id":"C-147","from":"CR-99","to":"EE-30","tipo":"CAMINO","distancia_metros":6},"geometry":{"coordinates":[[-98.12131874895738,19.408444014602793],[-98.12137893102177,19.408447967398246]],"type":"LineString"}},{"type":"Feature","properties":{"id":"C-148","from":"CR-100","to":"EE-31","tipo":"CAMINO","distancia_metros":3},"geometry":{"coordinates":[[-98.12153783741263,19.408484965569556],[-98.12157035919729,19.40848828591787]],"type":"LineString"},"id":283},{"type":"Feature","properties":{"id":"C-149","from":"CR-101","to":"EE-32","tipo":"CAMINO","distancia_metros":3},"geometry":{"coordinates":[[-98.12179913996061,19.408511817205607],[-98.1217739942513,19.408510394200817]],"type":"LineString"}},{"type":"Feature","properties":{"id":"C-150","from":"CR-93","to":"EE-33","tipo":"CAMINO","distancia_metros":8},"geometry":{"coordinates":[[-98.12182655091863,19.408279239483377],[-98.1218991381993,19.40828635452465]],"type":"LineString"}},{"type":"Feature","properties":{"id":"EE-5-3","name":"ENTRADA EDIFICIO E","tipo":"ENTRADA_EDIFICIO","conexiones":"","edificio_asociado":"E-5-3"},"geometry":{"coordinates":[-98.12170460276765,19.407644931374634],"type":"Point"},"id":284},{"type":"Feature","properties":{"id":"EE-13"},"geometry":{"coordinates":[-98.12002760078349,19.407612951853764],"type":"Point"},"id":283},{"type":"Feature","properties":{},"geometry":{"coordinates":[-98.119949077208,19.40760340080027],"type":"Point"},"id":284},{"type":"Feature","properties":{},"geometry":{"coordinates":[-98.12009924231211,19.40762107079098],"type":"Point"},"id":285},{"type":"Feature","properties":{"id":"EE-6","name":"ENTRADA EDIFICIO F","tipo":"ENTRADA_EDIFICIO","conexiones":"[\"CR-104\"]","edificio_asociado":"E-6"},"geometry":{"coordinates":[-98.12090946141365,19.407593311630976],"type":"Point"},"id":286},{"type":"Feature","properties":{"id":"CR-104","name":"C-CRUCE PRINCIPAL-K","tipo":"CRUCE","conexiones":"[\"CR-6\",\"EE-11\",\"CR-71\",\"EE-6\"]","edificio_asociado":"null"},"geometry":{"coordinates":[-98.12090405628092,19.407662525357026],"type":"Point"},"id":266},{"type":"Feature","properties":{"id":"EE-11","name":"ENTRADA EDIFICIO K","tipo":"ENTRADA_EDIFICIO","conexiones":"[\"CR-104\"]","edificio_asociado":"E-11"},"geometry":{"coordinates":[-98.12089971549156,19.40771291134996],"type":"Point"},"id":288},{"type":"Feature","properties":{"id":"EE-9","name":"ENTRADA EDIFICIO I","tipo":"ENTRADA_EDIFICIO","Conexiones":"[\"CR-103\"]","edificio_asociado":"E-9"},"geometry":{"coordinates":[-98.121197512596,19.407947453290774],"type":"Point"},"id":289},{"type":"Feature","properties":{"id":"EEC-1","name":"ENTRADA CAFE","tipo":"ENTRADA_EDIFICIO","conexiones":"[\"CR-35\"]","edificio_asociado":"EC-1"},"geometry":{"coordinates":[-98.11883380370345,19.40712504006204],"type":"Point"},"id":268},{"type":"Feature","properties":{"id":"C-151","from":"CR-35","to":"EEC-1","tipo":"CAMINO","distancia_metros":5},"geometry":{"coordinates":[[-98.11887305996295,19.40709340129746],[-98.1188338326561,19.407125023919477]],"type":"LineString"}},{"type":"Feature","properties":{"id":"CR-105","name":"C-CRUCE PRINCIPAL-M","tipo":"CRUCE","conexiones":"[\"CR-7\",\"PR-0\",\"CR-16\"]","edificio_asociado":"null"},"geometry":{"coordinates":[-98.12001707329611,19.407544282444164],"type":"Point"},"id":271},{"type":"Feature","properties":{"id":"C-152","from":"CR-92","to":"CR-97","tipo":"CAMINO","distancia_metros":15},"geometry":{"coordinates":[[-98.12184022465732,19.408134836276204],[-98.12198538775165,19.408153503597546]],"type":"LineString"}},{"type":"Feature","properties":{"id":"C-153","from":"CR-97","to":"CR-98","tipo":"CAMINO","distancia_metros":10},"geometry":{"coordinates":[[-98.12198526613251,19.408153639885498],[-98.12208350203775,19.40815379799737]],"type":"LineString"}},{"type":"Feature","properties":{"id":"CR-102","name":"O-CRUCE PRINCIPAL-B","tipo":"CRUCE","conexiones":"[\"PR-9\",\"EE-2-2\",\"AP-001\"]","edificio_asociado":"null"},"geometry":{"coordinates":[-98.12212025979402,19.407899983754575],"type":"Point"},"id":274},{"type":"Feature","properties":{"id":"C-155","from":"CR-102","to":"EE-2-2","tipo":"CAMINO","distancia_metros":11},"geometry":{"coordinates":[[-98.12212046255398,19.40790008437024],[-98.12201233600295,19.407891546302977]],"type":"LineString"}},{"type":"Feature","properties":{"id":"C-156","from":"CR-102","to":"AP-001","tipo":"CAMINO","distancia_metros":35},"geometry":{"coordinates":[[-98.12212043524728,19.407900214529704],[-98.12216529066215,19.407587494831702]],"type":"LineString"}},{"type":"Feature","properties":{"id":"CR-103","name":"NO- CRUCE PRINCIPAL-I","tipo":"CRUCE","conexiones":"[\"CR-64\",\"EE-9\",\"CR-70\"]","edificio_asociado":"null"},"geometry":{"coordinates":[-98.12120663655561,19.407947591418704],"type":"Point"},"id":299},{"type":"Feature","properties":{"id":"C-107","from":"CR-64","to":"CR-103","tipo":"CAMINO","distancia_metros":30},"geometry":{"coordinates":[[-98.12116296972016,19.40821486702052],[-98.12120684888684,19.40794793369969]],"type":"LineString"}},{"type":"Feature","properties":{"id":"C-157","from":"CR-103","to":"CR-70","tipo":"CAMINO","distancia_metros":28},"geometry":{"coordinates":[[-98.12120694965411,19.40794802978037],[-98.12124783144532,19.40769571370788]],"type":"LineString"}},{"type":"Feature","properties":{"id":"C-158","from":"CR-103","to":"EE-9","tipo":"CAMINO","distancia_metros":1},"geometry":{"coordinates":[[-98.1212068721099,19.407947948753133],[-98.1211974843782,19.407947790639867]],"type":"LineString"}},{"type":"Feature","properties":{"id":"C-159","from":"CR-104","to":"CR-71","tipo":"CAMINO","distancia_metros":19},"geometry":{"coordinates":[[-98.12090399591092,19.407662915575372],[-98.12108801857781,19.407675234579216]],"type":"LineString"}},{"type":"Feature","properties":{"id":"C-160","from":"CR-104","to":"EE-11","tipo":"CAMINO","distancia_metros":6},"geometry":{"coordinates":[[-98.12090429061386,19.407662879586894],[-98.12089993202429,19.407713001263446]],"type":"LineString"}},{"type":"Feature","properties":{"id":"C-161","from":"CR-104","to":"EE-6","tipo":"CAMINO","distancia_metros":8},"geometry":{"coordinates":[[-98.12090429061456,19.407662721519003],[-98.12090965503296,19.4075933100858]],"type":"LineString"}},{"type":"Feature","properties":{"id":"C-31","from":"CR-7","to":"CR-105","tipo":"CAMINO","distancia_metros":16},"geometry":{"coordinates":[[-98.12016224138154,19.40758971158263],[-98.12001723445626,19.407544491361392]],"type":"LineString"}},{"type":"Feature","properties":{"id":"C-162","from":"CR-105","to":"CR-16","tipo":"CAMINO","distancia_metros":24},"geometry":{"coordinates":[[-98.12001707677578,19.40754460492937],[-98.11978583663964,19.407513805994583]],"type":"LineString"}},{"type":"Feature","properties":{"id":"CR-107","name":"C-CRUCE SUPERIOR-R","tipo":"CRUCE","conexiones":"[\"PR-0\",\"CR-16\",\"CR-106\",\"CR-26\"]","edificio_asociado":"null"},"geometry":{"coordinates":[-98.11980751990784,19.40732989867641],"type":"Point"},"id":285},{"type":"Feature","properties":{"id":"CR-106","name":"C-CRUCE SUPERIOR-R","tipo":"CRUCE","conexiones":"[\"EE-19\",\"CR-107\",\"PR-1\"]","edificio_asociado":"null"},"geometry":{"coordinates":[-98.11966328810766,19.407310516658924],"type":"Point"},"id":286},{"type":"Feature","properties":{"id":"CR-15","name":"SE-CRUCE-R-M","tipo":"CRUCE","conexiones":"[\"CR-14\",\"CR-16\",\"CR-29\"]","edificio_asociado":"null"},"geometry":{"coordinates":[-98.11976446526455,19.40760150299404],"type":"Point"},"id":288},{"type":"Feature","properties":{"id":"C-163","from":"CR-29","to":"CR-15","tipo":"CAMINO","distancia_metros":33},"geometry":{"coordinates":[[-98.11945111230219,19.407555970184546],[-98.11976511929511,19.407601741093913]],"type":"LineString"},"id":304},{"type":"Feature","properties":{"id":"C-21","from":"CR-15","to":"CR-16","tipo":"CAMINO","distancia_metros":11},"geometry":{"coordinates":[[-98.11978619726361,19.407513126218973],[-98.11976462910644,19.40760137733075]],"type":"LineString"}},{"type":"Feature","properties":{"id":"C-20","from":"CR-14,","to":"CR-15","tipo":"CAMINO","distancia_metros":23},"geometry":{"coordinates":[[-98.11976442171502,19.40760181096269],[-98.11972162193469,19.4078042065551]],"type":"LineString"},"id":298},{"type":"Feature","properties":{"id":"C-19","from":"CR-13","to":"CR-14","tipo":"CAMINO","distancia_metros":8},"geometry":{"coordinates":[[-98.11972150202512,19.40780388878119],[-98.11971747871179,19.40787235145052]],"type":"LineString"}},{"type":"Feature","properties":{"id":"C-164","from":"CR-107","to":"CR-106","tipo":"CAMINO","distancia_metros":15},"geometry":{"coordinates":[[-98.11980755004312,19.407329903333462],[-98.11966338129015,19.40731077172238]],"type":"LineString"},"id":308},{"type":"Feature","properties":{"id":"C-35","from":"CR-107","to":"CR-26","tipo":"CAMINO","distancia_metros":10},"geometry":{"coordinates":[[-98.11981776005665,19.40724187990486],[-98.11980753413523,19.407330423149972]],"type":"LineString"}},{"type":"Feature","properties":{"id":"C-34","from":"CR-107","to":"CR-16","tipo":"CAMINO","distancia_metros":21},"geometry":{"coordinates":[[-98.11980753814181,19.407330087758467],[-98.11978595863197,19.407513791738722]],"type":"LineString"}},{"type":"Feature","properties":{"id":"CR-3","name":"C-CRUCE CENTRO ZOCALO-L","tipo":"CRUCE","conexiones":"[\"CR-2\",\"EE-12\",\"CR-4\",\"PR-0\"]","edificio_asociado":"null"},"geometry":{"coordinates":[-98.12029434303098,19.407402568014547],"type":"Point"},"id":295},{"type":"Feature","properties":{"id":"C-5","from":"CR-3","to":"EE-12","tipo":"CAMINO","distancia_metros":8},"geometry":{"coordinates":[[-98.12036704802014,19.407408025972003],[-98.12029429310046,19.40740265013561]],"type":"LineString"}},{"type":"Feature","properties":{"id":"CR-2","name":"SO-CRUCE CURVA-L","tipo":"CRUCE CURVA","conexiones":"[\"CR-1\",\"CR-3\"]","edificio_asociado":"null"},"geometry":{"coordinates":[-98.1203180745628,19.40722688665508],"type":"Point"},"id":297},{"type":"Feature","properties":{"id":"C-4","from":"CR-2","to":"CR-3","tipo":"CAMINO","distancia_metros":20},"geometry":{"coordinates":[[-98.12031818864155,19.407227116044837],[-98.12029435458011,19.407402672185853]],"type":"LineString"}},{"type":"Feature","properties":{"id":"C-6","from":"CR-3","to":"CR-4","tipo":"CAMINO","distancia_metros":23},"geometry":{"coordinates":[[-98.12029438042264,19.407402516350828],[-98.12026710291659,19.407605232990022]],"type":"LineString"}},{"type":"Feature","properties":{"id":"PR-1","name":"C-PUNTO REUNION-R","tipo":"PUNTO_REUNION","conexiones":"[\"CR-106\",\"CR-27\"]","edificio_asociado":"null"},"geometry":{"coordinates":[-98.11966889321471,19.407270313847462],"type":"Point"},"id":300},{"type":"Feature","properties":{"id":"PR-2","name":"E-PUNTO REUNION-Q","tipo":"PUNTO_REUNION","conexiones":"[\"CR-108\",\"EE-18\"]","edificio_asociado":"null"},"geometry":{"coordinates":[-98.11903778861942,19.407211467235697],"type":"Point"},"id":301},{"type":"Feature","properties":{"id":"CR-108","name":"E-CRUCE SUPERIOR-Q","tipo":"CRUCE","conexiones":"[\"CR-36\",\"PR-2\"]","edificio_asociado":"null"},"geometry":{"coordinates":[-98.11901888936649,19.407210347968714],"type":"Point"},"id":302},{"type":"Feature","properties":{"id":"C-42","from":"CR-36","to":"CR-108","tipo":"CAMINO","distancia_metros":11},"geometry":{"coordinates":[[-98.11902868285927,19.407109686390925],[-98.1190189598743,19.40721024626785]],"type":"LineString"},"id":314},{"type":"Feature","properties":{"id":"C-37","from":"CR-27","to":"PR-1","tipo":"CAMINO","distancia_metros":5},"geometry":{"coordinates":[[-98.11967510002873,19.407226528188176],[-98.11966906505845,19.407270799820296]],"type":"LineString"}},{"type":"Feature","properties":{"id":"C-166","from":"PR-1","to":"CR-106","tipo":"CAMINO","distancia_metros":5},"geometry":{"coordinates":[[-98.11966906505845,19.407270641707626],[-98.11966336536443,19.40731064427945]],"type":"LineString"}},{"type":"Feature","properties":{"id":"C-167","from":"CR-106","to":"EE-19","tipo":"CAMINO","distancia_metros":3},"geometry":{"coordinates":[[-98.11966320458792,19.407310622795706],[-98.11965918127461,19.407341138585792]],"type":"LineString"}},{"type":"Feature","properties":{"id":"C-168","from":"CR-108","to":"PR-2","tipo":"CAMINO","distancia_metros":2},"geometry":{"coordinates":[[-98.11901873467855,19.40721073209744],[-98.11903810825216,19.4072117762569]],"type":"LineString"}},{"type":"Feature","properties":{"id":"C-169","from":"PR-2","to":"EE-18","tipo":"CAMINO","distancia_metros":9},"geometry":{"coordinates":[[-98.11903783146299,19.40721151521319],[-98.11902371643085,19.407289566082483]],"type":"LineString"}},{"type":"Feature","properties":{},"geometry":{"coordinates":[[-98.11910689320679,19.407532265569287],[-98.11887640717433,19.40750064555067],[-98.11891119656778,19.407276470062158],[-98.11914066137317,19.40730670801986],[-98.11910724377827,19.40753241884154]],"type":"LineString"}},{"type":"Feature","properties":{"id":"PR-0","name":"C-PUNTO REUNION-L/M","tipo":"PUNTO_REUNION","conexiones":"[\"CR-3\",\"CR-105\",\"CR-107\"]","edificio_asociado":"null"},"geometry":{"coordinates":[-98.12005232614635,19.40736630577149],"type":"Point"},"id":310},{"type":"Feature","properties":{"id":"C-165","from":"CR-3","to":"PR-0","tipo":"CAMINO","distancia_metros":26},"geometry":{"coordinates":[[-98.12029451929814,19.407402659716354],[-98.12005237897247,19.407366253842653]],"type":"LineString"}},{"type":"Feature","properties":{"id":"C-170","from":"PR-0","to":"CR-105","tipo":"CAMINO","distancia_metros":20},"geometry":{"coordinates":[[-98.12005236153213,19.407366353424564],[-98.12001713674321,19.407544373130563]],"type":"LineString"}},{"type":"Feature","properties":{"id":"C-171","from":"PR-0","to":"CR-107","tipo":"CAMINO","distancia_metros":26},"geometry":{"coordinates":[[-98.12005245121917,19.407366575080573],[-98.11980772001317,19.407329984818148]],"type":"LineString"}},{"type":"Feature","properties":{"id":"PR-3","name":"SE-PUNTO REUNION-T","tipo":"PUNTO_REUNION","conexiones":"[\"EE-21\"]","edificio_asociado":"null"},"geometry":{"coordinates":[-98.1188366294032,19.406878361914067],"type":"Point"},"id":314},{"type":"Feature","properties":{"id":"C-172","from":"EE-21","to":"PR-3","tipo":"CAMINO","distancia_metros":5},"geometry":{"coordinates":[[-98.11878918783128,19.406875041534136],[-98.11883679704101,19.406878203800986]],"type":"LineString"}},{"type":"Feature","properties":{"id":"PR-4","name":"SE-PUNTO REUNION-S","tipo":"PUNTO_REUNION","conexiones":"[\"CR-14\",\"EE-20\"]","edificio_asociado":"null"},"geometry":{"coordinates":[-98.11946093856709,19.407776903117593],"type":"Point"},"id":316},{"type":"Feature","properties":{"id":"C-54","from":"EE-20","to":"PR-4","tipo":"CAMINO","distancia_metros":9},"geometry":{"coordinates":[[-98.11937937709175,19.407768364967893],[-98.11946118446686,19.407777061152544]],"type":"LineString"},"id":317},{"type":"Feature","properties":{"id":"C-173","from":"PR-4","to":"CR-14","tipo":"CAMINO","distancia_metros":28},"geometry":{"coordinates":[[-98.11946105233515,19.40777719985074],[-98.11972165541819,19.407803987121994]],"type":"LineString"},"id":318},{"type":"Feature","properties":{"id":"CR-109","name":"","tipo":"CRUCE CURVA","conexiones":"[\"CR-1\",\"CR-6\"]","edificio_asociado":"null"},"geometry":{"coordinates":[-98.12063332188346,19.40742411699955],"type":"Point"},"id":320},{"type":"Feature","properties":{"id":"C-10","from":"CR-1","to":"CR-109","tipo":"CAMINO","distancia_metros":16},"geometry":{"coordinates":[[-98.12064952945624,19.407280782390202],[-98.12063338154337,19.407424611643307]],"type":"LineString"},"id":321},{"type":"Feature","properties":{"id":"C-174","from":"CR-109","to":"CR-6","tipo":"CAMINO","distancia_metros":25},"geometry":{"coordinates":[[-98.12063349752813,19.40742403808892],[-98.12057881412852,19.407641542230152]],"type":"LineString"},"id":322},{"type":"Feature","properties":{"id":"C-104","from":"CR-6","to":"CR-104","tipo":"CAMINO","distancia_metros":34},"geometry":{"coordinates":[[-98.12057879852101,19.407641302706608],[-98.12090435057931,19.40766260700488]],"type":"LineString"}},{"type":"Feature","properties":{"id":"C-146","from":"PR-0","to":"CR-105","tipo":"CAMINO","distancia_metros":20},"geometry":{"coordinates":[[-98.1214107490834,19.40822441486479],[-98.1213788525245,19.40844820292068]],"type":"LineString"},"id":328},{"type":"Feature","properties":{"id":"C-142","from":"CR-88","to":"CR-100","tipo":"CAMINO","distancia_metros":27},"geometry":{"coordinates":[[-98.1216082703555,19.40825160342129],[-98.12157036894938,19.408488775123956]],"type":"LineString"}},{"type":"Feature","properties":{"id":"C-175","from":"CR-99","to":"CR-96","tipo":"CAMINO","distancia_metros":21},"geometry":{"coordinates":[[-98.12137890165069,19.408448115607925],[-98.12135259345663,19.408633407558156]],"type":"LineString"}},{"type":"Feature","properties":{"id":"C-176","from":"CR-100","to":"CR-95","tipo":"CAMINO","distancia_metros":22},"geometry":{"coordinates":[[-98.12157047670105,19.408488298592047],[-98.12153896550774,19.40868177838594]],"type":"LineString"}},{"type":"Feature","properties":{"id":"C-138","from":"CR-93","to":"CR-101","tipo":"CAMINO","distancia_metros":26},"geometry":{"coordinates":[[-98.12182652063616,19.408279495610103],[-98.12179887504477,19.408512249106025]],"type":"LineString"}},{"type":"Feature","properties":{"id":"C-177","from":"CR-101","to":"CR-94","tipo":"CAMINO","distancia_metros":26},"geometry":{"coordinates":[[-98.12179887504477,19.408512090994492],[-98.12177051997165,19.40874299720025]],"type":"LineString"}},{"type":"Feature","properties":{"id":"C-118","from":"CR-76","to":"CR-89","tipo":"CAMINO","distancia_metros":23},"geometry":{"coordinates":[[-98.12184511127822,19.40787814850161],[-98.12182003605405,19.408083474577637]],"type":"LineString"}},{"type":"Feature","properties":{"id":"PR-6","name":"NO-PUNTO REUNION-P","tipo":"PUNTO_REUNION","conexiones":"[\"CR-61\"]","edificio_asociado":"null"},"geometry":{"coordinates":[-98.1208646025592,19.408618655421677],"type":"Point"},"id":330},{"type":"Feature","properties":{"id":"C-178","from":"CR-61","to":"PR-6","tipo":"CAMINO","distancia_metros":3},"geometry":{"coordinates":[[-98.1208682834511,19.408588984492823],[-98.12086459541341,19.408619183818956]],"type":"LineString"}},{"type":"Feature","properties":{"id":"PR-7","name":"O-PUNTO REUNION","tipo":"PUNTO_REUNION","conexiones":"[\"CR-80\",\"CR-82\",\"CR-84\",\"CR-86\"]","edificio_asociado":"null"},"geometry":{"coordinates":[-98.12162740514033,19.408055788455016],"type":"Point"},"id":332},{"type":"Feature","properties":{"id":"C-179","from":"CR-82","to":"PR-7","tipo":"CAMINO","distancia_metros":3},"geometry":{"coordinates":[[-98.12159514744057,19.408059632919574],[-98.12162733394898,19.408056312563787]],"type":"LineString"}},{"type":"Feature","properties":{"id":"C-180","from":"CR-84","to":"PR-7","tipo":"CAMINO","distancia_metros":3},"geometry":{"coordinates":[[-98.1216263280837,19.408084298413755],[-98.12162733391187,19.408056312558045]],"type":"LineString"},"id":337},{"type":"Feature","properties":{"id":"C-181","from":"CR-86","to":"PR-7","tipo":"CAMINO","distancia_metros":3},"geometry":{"coordinates":[[-98.12165825610693,19.408062865796154],[-98.12162724306515,19.408056225084565]],"type":"LineString"}},{"type":"Feature","properties":{"id":"C-182","from":"CR-80","to":"PR-7","tipo":"CAMINO","distancia_metros":3},"geometry":{"coordinates":[[-98.12162975763621,19.408025076980778],[-98.12162741070361,19.408056066972605]],"type":"LineString"}},{"type":"Feature","properties":{"id":"PR-8","name":"O-PUNTO REUNION-J","tipo":"PUNTO_REUNION","conexiones":"[\"CR-96\"]","edificio_asociado":"null"},"geometry":{"coordinates":[-98.12134797740029,19.40866899697238],"type":"Point"},"id":337},{"type":"Feature","properties":{"id":"C-183","from":"CR-96","to":"PR-8","tipo":"CAMINO","distancia_metros":4},"geometry":{"coordinates":[[-98.12135253659898,19.408633318291535],[-98.12134784273312,19.40866952584959]],"type":"LineString"}},{"type":"Feature","properties":{"id":"C-184","from":"CR-67","to":"CA-1","tipo":"CAMINO","distancia_metros":6},"geometry":{"coordinates":[[-98.12101845194641,19.40860415112259],[-98.12101409335685,19.408662336200933]],"type":"LineString"}},{"type":"Feature","properties":{},"geometry":{"coordinates":[[-98.12215722360361,19.408258679619934],[-98.12220041577929,19.40790233867888]],"type":"LineString"},"id":350},{"type":"Feature","properties":{},"geometry":{"coordinates":[[-98.12215726784446,19.40825850092469],[-98.12227595561465,19.408271624159127]],"type":"LineString"},"id":351},{"type":"Feature","properties":{},"geometry":{"coordinates":[[-98.12220045765757,19.407902397572443],[-98.12231950747858,19.407914351034307]],"type":"LineString"},"id":352},{"type":"Feature","properties":{},"geometry":{"coordinates":[[-98.12231909201357,19.40791444541398],[-98.1222770951291,19.408271557857347]],"type":"LineString"}},{"type":"Feature","properties":{},"geometry":{"coordinates":[[-98.122275322564,19.408271457290994],[-98.1222769989447,19.40827193162623]],"type":"LineString"}},{"type":"Feature","properties":{},"geometry":{"coordinates":[-98.12216660027707,19.408166494268556],"type":"Point"},"id":348},{"type":"Feature","properties":{},"geometry":{"coordinates":[-98.12219880976379,19.407909871712747],"type":"Point"},"id":346},{"type":"Feature","properties":{},"geometry":{"coordinates":[-98.12218150537504,19.408046383643892],"type":"Point"},"id":347},{"type":"Feature","properties":{"id":"PR-9","name":"NO-PUNTO REUNION-A/B","tipo":"PUNTO_REUNION","conexiones":"[\"CR-102\",\"CR-98\"]","edificio_asociado":"null"},"geometry":{"coordinates":[-98.1221159339714,19.407931769876797],"type":"Point"},"id":348},{"type":"Feature","properties":{"id":"C-154","from":"CR-102","to":"PR-9","tipo":"CAMINO","distancia_metros":4},"geometry":{"coordinates":[[-98.12212051020522,19.407900257083355],[-98.12211598397717,19.407932195772617]],"type":"LineString"}},{"type":"Feature","properties":{"id":"C-185","from":"PR-9","to":"CR-98","tipo":"CAMINO","distancia_metros":25},"geometry":{"coordinates":[[-98.12211598397717,19.40793172143519],[-98.1220833411365,19.40815397988881]],"type":"LineString"}},{"type":"Feature","properties":{"id":"EE-EST-0","name":"NO-ENTRADA-EST","tipo":"ENTRADA-EST","conexiones":"[\"C-EST-0\"]"},"geometry":{"coordinates":[-98.12173185952497,19.40743662045915],"type":"Point"},"id":351},{"type":"Feature","properties":{"id":"C-EST-0","name":"NO-CURVA-EST","tipo":"CURVA-EST","conexiones":"[\"EE-EST-0\",\"C-EST-1\"]"},"geometry":{"coordinates":[-98.12171860911369,19.407477193910296],"type":"Point"},"id":352},{"type":"Feature","properties":{"id":"C-EST-1","name":"NO-CURVA-EST","tipo":"CURVA-EST","conexiones":"[\"C-EST-0\",\"C-EST-2\"]"},"geometry":{"coordinates":[-98.12168994300515,19.40749142405795],"type":"Point"},"id":353},{"type":"Feature","properties":{"id":"C-EST-3","name":"NO-CAMINO-EST","tipo":"CAMINO-EST","conexiones":"[\"C-EST-2\",\"C-EST-4\"]"},"geometry":{"coordinates":[-98.12145807714793,19.407429835049285],"type":"Point"},"id":354},{"type":"Feature","properties":{"id":"C-EST-2","name":"NO-CAMINO-EST","tipo":"CAMINO-EST","conexiones":"[\"C-EST-1\",\"C-EST-3\"]"},"geometry":{"coordinates":[-98.12166037491563,19.40748865883397],"type":"Point"},"id":355},{"type":"Feature","properties":{"id":"C-EST-4","name":"NO-CAMINO-EST","tipo":"CAMINO-EST","conexiones":"[\"C-EST-3\",\"C-EST-5\"]"},"geometry":{"coordinates":[-98.12136571549583,19.407401855332324],"type":"Point"},"id":356},{"type":"Feature","properties":{"id":"C-EST-5","name":"NO-CURVA-EST","tipo":"CURVA-EST","conexiones":"[\"C-EST-4\",\"C-EST-6\"]"},"geometry":{"coordinates":[-98.12129000872834,19.407388132261715],"type":"Point"},"id":357},{"type":"Feature","properties":{"id":"CAMINO-EST-6","name":"NO-CURVA-EST","tipo":"CURVA-EST","conexiones":"[\"C-EST-5\",\"C-EST-7\"]"},"geometry":{"coordinates":[-98.12126503065684,19.40739113640599],"type":"Point"},"id":358},{"type":"Feature","properties":{"id":"C-EST-7","name":"NO-CURVA-EST","tipo":"CURVA-EST","conexiones":"[\"C-EST-6\",\"C-EST-8\"]"},"geometry":{"coordinates":[-98.12124960800713,19.407412797860232],"type":"Point"},"id":359},{"type":"Feature","properties":{"id":"C-EST-8","name":"NO-CURVA-EST","tipo":"CURVA-EST","conexiones":"[\"C-EST-7\",\"C-EST-9\"]"},"geometry":{"coordinates":[-98.12123124310912,19.407621460585645],"type":"Point"},"id":360},{"type":"Feature","properties":{"id":"C-EST-9","name":"NO-CURVA-EST","tipo":"CURVA-EST","conexiones":"[\"C-EST-8\",\"C-EST-10\"]"},"geometry":{"coordinates":[-98.1212557855932,19.407645709106774],"type":"Point"},"id":361},{"type":"Feature","properties":{"id":"C-EST-10","name":"NO-CURVA-EST","tipo":"CURVA-EST","conexiones":"[\"C-EST-9\",\"C-EST-11\"]"},"geometry":{"coordinates":[-98.12128914556823,19.40765788377564],"type":"Point"},"id":362},{"type":"Feature","properties":{"id":"C-EST-11","name":"NO-CAMINO-EST","tipo":"CAMINO-EST","conexiones":"[\"C-EST-10\",\"C-EST-4\",\"C-EST-12\"]"},"geometry":{"coordinates":[-98.1213298816202,19.407659623011767],"type":"Point"},"id":363},{"type":"Feature","properties":{"id":"C-EST-12","name":"NO-CURVA-EST","tipo":"CURVA-EST","conexiones":"[\"C-EST-11\",\"C-EST-13\"]"},"geometry":{"coordinates":[-98.12140721115603,19.40766438460699],"type":"Point"},"id":364},{"type":"Feature","properties":{"id":"C-EST-13","name":"NO-CURVA-EST","tipo":"CURVA-EST","conexiones":"[\"C-EST-12\",\"C-EST-14\"]"},"geometry":{"coordinates":[-98.12142900409562,19.40765363295789],"type":"Point"},"id":365},{"type":"Feature","properties":{"id":"C-EST-14","name":"NO-CAMINO-EST","tipo":"CAMINO-EST","conexiones":"[\"C-EST-13\",\"C-EST-15\"]"},"geometry":{"coordinates":[-98.12144392388421,19.407625963253253],"type":"Point"},"id":366},{"type":"Feature","properties":{"id":"C-EST-15","name":"NO-CAMINO-EST","tipo":"CAMINO-EST","conexiones":"[\"C-EST-14\",\"C-EST-16\"]"},"geometry":{"coordinates":[-98.12146606392751,19.40752948829521],"type":"Point"},"id":367},{"type":"Feature","properties":{"id":"C-EST-16","name":"NO-CURVA-EST","tipo":"CURVA-EST","conexiones":"[\"C-EST-15\",\"C-EST-3\",\"C-EST-17\"]"},"geometry":{"coordinates":[-98.12148500704765,19.40750909175597],"type":"Point"},"id":368},{"type":"Feature","properties":{"id":"C-EST-17","name":"NO-CAMINO-EST","tipo":"CAMINO-EST","conexiones":"[\"C-EST-16\",\"C-EST-18\"]"},"geometry":{"coordinates":[-98.12152238743208,19.407502964016047],"type":"Point"},"id":369},{"type":"Feature","properties":{"id":"C-EST-18","name":"NO-CAMINO-EST","tipo":"CAMINO-EST","conexiones":"[\"C-EST-17\",\"C-EST-19\"]"},"geometry":{"coordinates":[-98.12172727737807,19.40753278943555],"type":"Point"},"id":370},{"type":"Feature","properties":{"id":"C-EST-19","name":"NO-CURVA-EST","tipo":"CURVA-EST","conexiones":"[\"C-EST-18\",\"C-EST-20\"]"},"geometry":{"coordinates":[-98.12174746730928,19.407529108432968],"type":"Point"},"id":371},{"type":"Feature","properties":{"id":"C-EST-20","name":"NO-CAMINO-EST","tipo":"CAMINO-EST","conexiones":"[\"C-EST-19\",\"SE-EST-0\"]"},"geometry":{"coordinates":[-98.1217602078024,19.4075170918682],"type":"Point"},"id":372},{"type":"Feature","properties":{"id":"SE-EST-0","name":"NO-SALIDA-EST","tipo":"SALIDA-EST","conexiones":"[\"C-EST-20\"]"},"geometry":{"coordinates":[-98.12177887771844,19.40745725818438],"type":"Point"},"id":373},{"type":"Feature","properties":{"id":"C-186","from":"EE-EST-0","to":"C-EST-0","tipo":"CAMINO","distancia_metros":5},"geometry":{"coordinates":[[-98.12173223255873,19.40743681402435],[-98.12171882151374,19.407477449006592]],"type":"LineString"}},{"type":"Feature","properties":{"id":"C-187","from":"C-EST-0","to":"C-EST-1","tipo":"CAMINO","distancia_metros":3},"geometry":{"coordinates":[[-98.1217186538767,19.40747713278091],[-98.12169015540597,19.40749167915358]],"type":"LineString"}},{"type":"Feature","properties":{"id":"C-188","from":"C-EST-1","to":"C-EST-2","tipo":"CAMINO","distancia_metros":3},"geometry":{"coordinates":[[-98.12169015549796,19.407491679116276],[-98.12166031592281,19.4074886749751]],"type":"LineString"}},{"type":"Feature","properties":{"id":"C-189","from":"C-EST-2","to":"C-EST-3","tipo":"CAMINO","distancia_metros":22},"geometry":{"coordinates":[[-98.12166031596566,19.407488832999235],[-98.12145827375119,19.407430067042185]],"type":"LineString"}},{"type":"Feature","properties":{"id":"C-190","from":"C-EST-3","to":"C-EST-4","tipo":"CAMINO","distancia_metros":10},"geometry":{"coordinates":[[-98.12145829713297,19.40742998358411],[-98.12136576092172,19.40740199761703]],"type":"LineString"}},{"type":"Feature","properties":{"id":"C-191","from":"C-EST-4","to":"C-EST-5","tipo":"CAMINO","distancia_metros":8},"geometry":{"coordinates":[[-98.12136595559613,19.407402075124196],[-98.1212900155535,19.407388161195186]],"type":"LineString"}},{"type":"Feature","properties":{"id":"C-192","from":"C-EST-5","to":"C-EST-6","tipo":"CAMINO","distancia_metros":3},"geometry":{"coordinates":[[-98.12129000513566,19.407388494494597],[-98.12126502706417,19.407391340525038]],"type":"LineString"}},{"type":"Feature","properties":{"id":"C-193","from":"C-EST-6","to":"C-EST-7","tipo":"CAMINO","distancia_metros":23},"geometry":{"coordinates":[[-98.12126485942636,19.407391498637622],[-98.12124960436284,19.407413001982434]],"type":"LineString"}},{"type":"Feature","properties":{"id":"C-194","from":"C-EST-7","to":"C-EST-8","tipo":"CAMINO","distancia_metros":23},"geometry":{"coordinates":[[-98.12124959365859,19.4074131668835],[-98.12123129056886,19.407621886127487]],"type":"LineString"}},{"type":"Feature","properties":{"id":"C-195","from":"C-EST-8","to":"C-EST-9","tipo":"CAMINO","distancia_metros":4},"geometry":{"coordinates":[[-98.12123125825654,19.40762166591456],[-98.12125590105177,19.407645857142597]],"type":"LineString"},"id":385},{"type":"Feature","properties":{"id":"C-196","from":"C-EST-9","to":"C-EST-10","tipo":"CAMINO","distancia_metros":4},"geometry":{"coordinates":[[-98.12125590104901,19.407645857157206],[-98.12128926102403,19.407657873713703]],"type":"LineString"}},{"type":"Feature","properties":{"id":"C-197","from":"C-EST-10","to":"C-EST-11","tipo":"CAMINO","distancia_metros":4},"geometry":{"coordinates":[[-98.12128892574778,19.40765803182603],[-98.12132999707313,19.40765977106416]],"type":"LineString"}},{"type":"Feature","properties":{"id":"C-198","from":"C-EST-11","to":"C-EST-4","tipo":"CAMINO","distancia_metros":29},"geometry":{"coordinates":[[-98.1213300490486,19.40765961935233],[-98.12136576530061,19.40740210025217]],"type":"LineString"}},{"type":"Feature","properties":{"id":"C-199","from":"C-EST-11","to":"C-EST-12","tipo":"CAMINO","distancia_metros":8},"geometry":{"coordinates":[[-98.12132987062812,19.407659786152934],[-98.12140731941302,19.407664687642637]],"type":"LineString"}},{"type":"Feature","properties":{"id":"C-200","from":"C-EST-12","to":"C-EST-13","tipo":"CAMINO","distancia_metros":3},"geometry":{"coordinates":[[-98.12140725720924,19.40766452953187],[-98.12142921779494,19.4076536197647]],"type":"LineString"}},{"type":"Feature","properties":{"id":"C-201","from":"C-EST-13","to":"C-EST-14","tipo":"CAMINO","distancia_metros":3},"geometry":{"coordinates":[[-98.12142921779494,19.407653935989387],[-98.12144396994505,19.40762610817322]],"type":"LineString"}},{"type":"Feature","properties":{"id":"C-202","from":"C-EST-14","to":"C-EST-15","tipo":"CAMINO","distancia_metros":3},"geometry":{"coordinates":[[-98.12144408162489,19.40762600972586],[-98.12146608172799,19.40752958879544]],"type":"LineString"}},{"type":"Feature","properties":{"id":"C-203","from":"C-EST-15","to":"C-EST-16","tipo":"CAMINO","distancia_metros":3},"geometry":{"coordinates":[[-98.12146605073762,19.407529556929063],[-98.12148499383883,19.407509160389452]],"type":"LineString"}},{"type":"Feature","properties":{"id":"C-204","from":"C-EST-16","to":"C-EST-3","tipo":"CAMINO","distancia_metros":9},"geometry":{"coordinates":[[-98.12148508863986,19.407509249310195],[-98.12145809891204,19.407430192929738]],"type":"LineString"}},{"type":"Feature","properties":{"id":"C-205","from":"C-EST-16","to":"C-EST-17","tipo":"CAMINO","distancia_metros":4},"geometry":{"coordinates":[[-98.12148480188068,19.407509276373958],[-98.12152252044463,19.407503268090977]],"type":"LineString"}},{"type":"Feature","properties":{"id":"C-206","from":"C-EST-17","to":"C-EST-18","tipo":"CAMINO","distancia_metros":22},"geometry":{"coordinates":[[-98.1215224829895,19.407503011275992],[-98.12172750769338,19.407532891167875]],"type":"LineString"}},{"type":"Feature","properties":{"id":"C-207","from":"C-EST-18","to":"C-EST-19","tipo":"CAMINO","distancia_metros":2},"geometry":{"coordinates":[[-98.12172722592072,19.4075331017537],[-98.12174751012635,19.407529465160977]],"type":"LineString"}},{"type":"Feature","properties":{"id":"C-208","from":"C-EST-19","to":"C-EST-20","tipo":"CAMINO","distancia_metros":2},"geometry":{"coordinates":[[-98.12174751012635,19.40752930704849],[-98.12176058589509,19.407517290482517]],"type":"LineString"}},{"type":"Feature","properties":{"id":"C-209","from":"C-EST-20","to":"SE-EST-0","tipo":"CAMINO","distancia_metros":7},"geometry":{"coordinates":[[-98.12176008297678,19.407517448601524],[-98.12177885843953,19.407457365759498]],"type":"LineString"}},{"type":"Feature","properties":{"id":"ES-0","name":"SO-ACCESO VEHICULAR","tipo":"ACCESO_VEHICULAR","conexiones":"[\"C-EST-21\"]"},"geometry":{"coordinates":[-98.12103148630935,19.407184047778827],"type":"Point"},"id":398},{"type":"Feature","properties":{"id":"C-EST-21","name":"SO-CURVA-EST","tipo":"CURVA-EST","conexiones":"[\"ES-0\",\"C-EST-22\"]"},"geometry":{"coordinates":[-98.12100550240969,19.40721266623575],"type":"Point"},"id":399},{"type":"Feature","properties":{"id":"C-EST-22","name":"SO-CAMINO-EST","tipo":"CAMINO-EST","conexiones":"[\"C-EST-21\",\"C-EST-23\"]"},"geometry":{"coordinates":[-98.12098538584186,19.40721646094832],"type":"Point"},"id":400},{"type":"Feature","properties":{"id":"C-EST-23","name":"SO-CAMINO-EST","tipo":"CAMINO-EST","conexiones":"[\"C-EST-22\",\"C-EST-24\"]"},"geometry":{"coordinates":[-98.12073323634058,19.407170614142686],"type":"Point"},"id":401},{"type":"Feature","properties":{"id":"C-EST-45","name":"SO-CAMINO-EST","tipo":"CAMINO-EST","conexiones":"[\"C-EST-44\",\"C-EST-46\"]"},"geometry":{"coordinates":[-98.12069700637475,19.407221224213828],"type":"Point"},"id":402},{"type":"Feature","properties":{"id":"C-EST-44","name":"SO-CAMINO-EST","tipo":"CAMINO-EST","conexiones":"[\"C-EST-40\",\"C-EST-45\"]"},"geometry":{"coordinates":[-98.12027973893208,19.40711074052463],"type":"Point"},"id":403},{"type":"Feature","properties":{"id":"C-EST-24","name":"SO-CAMINO-EST","tipo":"CAMINO-EST","conexiones":"[\"C-EST-23\",\"C-EST-25\",\"C-EST-44\"]"},"geometry":{"coordinates":[-98.1203037111914,19.407028837918546],"type":"Point"},"id":404},{"type":"Feature","properties":{"id":"C-EST-25","name":"SO-CAMINO-EST","tipo":"CAMINO-EST","conexiones":"[\"C-EST-24\",\"C-EST-26\"]"},"geometry":{"coordinates":[-98.12030707807213,19.406986924981368],"type":"Point"},"id":405},{"type":"Feature","properties":{"id":"C-EST-26","name":"SO-CAMINO-EST","tipo":"CAMINO-EST","conexiones":"[\"C-EST-25\",\"C-EST-27\",\"C-EST-43\"]"},"geometry":{"coordinates":[-98.11993855209825,19.40689914178249],"type":"Point"},"id":406},{"type":"Feature","properties":{"id":"C-EST-27","name":"SE-CAMINO-EST","tipo":"CAMINO-EST","conexiones":"[\"C-EST-26\",\"C-EST-28\",\"C-EST-37\"]"},"geometry":{"coordinates":[-98.1191714193519,19.406683929906137],"type":"Point"},"id":407},{"type":"Feature","properties":{"id":"C-EST-28","name":"SE-CAMINO-EST","tipo":"CAMINO-EST","conexiones":"[\"C-EST-27\",\"C-EST-29\"]"},"geometry":{"coordinates":[-98.11892919513653,19.406615091203378],"type":"Point"},"id":408},{"type":"Feature","properties":{"id":"C-EST-30","name":"SE-CAMINO-EST","tipo":"CAMINO-EST","conexiones":"[\"C-EST-28\",\"C-EST-31\",\"C-EST-36\"]"},"geometry":{"coordinates":[-98.1189106100253,19.406783482880584],"type":"Point"},"id":409},{"type":"Feature","properties":{"id":"C-EST-31","name":"SE-CAMINO-EST","tipo":"CAMINO-EST","conexiones":"[\"C-EST-30\",\"C-EST-32\"]"},"geometry":{"coordinates":[-98.11888423514898,19.40697524229455],"type":"Point"},"id":410},{"type":"Feature","properties":{"id":"C-EST-32","name":"SE-CURVA-EST","tipo":"CURVA-EST\t","conexiones":"[\"C-EST-31\",\"C-EST-33\"]"},"geometry":{"coordinates":[-98.11889202829302,19.407008318000507],"type":"Point"},"id":411},{"type":"Feature","properties":{"id":"C-EST-33","name":"SE-CURVA-EST","tipo":"CURVA-EST","conexiones":"[\"C-EST-32\",\"C-EST-34\"]"},"geometry":{"coordinates":[-98.11893011112191,19.40702895568309],"type":"Point"},"id":412},{"type":"Feature","properties":{"id":"C-EST-34","name":"SE-CURVA-EST","tipo":"CURVA-EST","conexiones":"[\"C-EST-33\",\"C-EST-35\"]"},"geometry":{"coordinates":[-98.11897906140837,19.407025793417958],"type":"Point"},"id":413},{"type":"Feature","properties":{"id":"C-EST-35","name":"SE-CURVA-EST","tipo":"CURVA-EST","conexiones":"[\"C-EST-34\",\"C-EST-36\"]"},"geometry":{"coordinates":[-98.11900420711767,19.407005080587993],"type":"Point"},"id":414},{"type":"Feature","properties":{"id":"C-EST-36","name":"SE-CAMINO-EST","tipo":"CAMINO-EST","conexiones":"[\"C-EST-35\",\"C-EST-30\"]"},"geometry":{"coordinates":[-98.11900588348576,19.406979308146603],"type":"Point"},"id":415},{"type":"Feature","properties":{"id":"C-EST-37","name":"SE-CAMINO-EST","tipo":"CAMINO-EST","conexiones":"[\"C-EST-27\",\"C-EST-42\",\"C-EST-38\"]"},"geometry":{"coordinates":[-98.11917130831908,19.406882393262336],"type":"Point"},"id":416},{"type":"Feature","properties":{"id":"C-EST-38","name":"SE-CURVA-EST","tipo":"CURVA-EST","conexiones":"[\"C-EST-37\",\"C-EST-39\"]"},"geometry":{"coordinates":[-98.11922110873799,19.40702988342366],"type":"Point"},"id":417},{"type":"Feature","properties":{"id":"C-EST-39","name":"SE-CURVA-EST","tipo":"CURVA-EST","conexiones":"[\"C-EST-38\",\"C-EST-40\"]"},"geometry":{"coordinates":[-98.11978673605343,19.407098745663177],"type":"Point"},"id":418},{"type":"Feature","properties":{"id":"C-EST-40","name":"SE-CAMINO-EST","tipo":"CAMINO-EST","conexiones":"[\"C-EST-39\",\"C-EST-41\",\"C-EST-44\"]"},"geometry":{"coordinates":[-98.11985228255438,19.407083566809348],"type":"Point"},"id":419},{"type":"Feature","properties":{"id":"C-EST-46","name":"SO-CURVA-EST","tipo":"CURVA-EST","conexiones":"[\"C-EST-45\",\"C-EST-21\"]"},"geometry":{"coordinates":[-98.12097724435947,19.40726834972807],"type":"Point"},"id":420},{"type":"Feature","properties":{"id":"C-EST-29","name":"SE-CAMINO-EST","tipo":"CAMINO-EST","conexiones":"[\"C-EST-28\",\"EST-Z-01\"]"},"geometry":{"coordinates":[-98.11813334597694,19.406303648436904],"type":"Point"},"id":421},{"type":"Feature","properties":{"id":"EST-Z-01","name":"SE-CAMINO-EST","tipo":"ESTACIONAMIENTO","conexiones":"[\"C-EST-29\"]"},"geometry":{"coordinates":[-98.1181268676382,19.40656243775564],"type":"Point"},"id":422},{"type":"Feature","properties":{"id":"C-EST-41","name":"SE-CAMINO-EST","tipo":"CAMINO-EST","conexiones":"[\"C-EST-40\",\"C-EST-42\",\"C-EST-43\"]"},"geometry":{"coordinates":[-98.11981794833622,19.406972406509325],"type":"Point"},"id":423},{"type":"Feature","properties":{"id":"C-EST-42","name":"SE-CAMINO-EST","tipo":"CAMINO-EST","conexiones":"[\"C-EST-41\",\"C-EST-37\"]"},"geometry":{"coordinates":[-98.11978971962121,19.406975173130462],"type":"Point"},"id":424},{"type":"Feature","properties":{"id":"C-EST-43","name":"SE-CAMINO-EST","tipo":"CAMINO-EST","conexiones":"[\"C-EST-41\",\"C-EST-26\"]"},"geometry":{"coordinates":[-98.11985034855606,19.40695826108329],"type":"Point"},"id":425},{"type":"Feature","properties":{"id":"C-210","from":"ES-0","to":"C-EST-21","tipo":"CAMINO","distancia_metros":4},"geometry":{"coordinates":[[-98.12103145215697,19.407184308596456],[-98.12100546825732,19.40721292705453]],"type":"LineString"}},{"type":"Feature","properties":{"id":"C-211","from":"C-EST-21","to":"C-EST-22","tipo":"CAMINO","distancia_metros":2},"geometry":{"coordinates":[[-98.12100554400061,19.407212927082384],[-98.12098542743277,19.407216721793745]],"type":"LineString"}},{"type":"Feature","properties":{"id":"C-212","from":"C-EST-22","to":"C-EST-23","tipo":"CAMINO","distancia_metros":27},"geometry":{"coordinates":[[-98.12098542743277,19.407216405568192],[-98.12073339827732,19.40717054865604]],"type":"LineString"}},{"type":"Feature","properties":{"id":"C-213","from":"C-EST-23","to":"C-EST-24","tipo":"CAMINO","distancia_metros":48},"geometry":{"coordinates":[[-98.12073322903876,19.40717086337736],[-98.12030373505628,19.40702905327896]],"type":"LineString"}},{"type":"Feature","properties":{"id":"C-214","from":"C-EST-24","to":"C-EST-25","tipo":"CAMINO","distancia_metros":5},"geometry":{"coordinates":[[-98.12030365180867,19.407029115964804],[-98.12030700456944,19.406987057851154]],"type":"LineString"}},{"type":"Feature","properties":{"id":"C-215","from":"C-EST-25","to":"C-EST-26","tipo":"CAMINO","distancia_metros":40},"geometry":{"coordinates":[[-98.12030714014358,19.406987069277534],[-98.1199385625346,19.40689909108876]],"type":"LineString"}},{"type":"Feature","properties":{"id":"C-216","from":"C-EST-26","to":"C-EST-27","tipo":"CAMINO","distancia_metros":84},"geometry":{"coordinates":[[-98.11993848320215,19.406899388696104],[-98.11917143019305,19.40668421462472]],"type":"LineString"}},{"type":"Feature","properties":{"id":"C-217","from":"C-EST-27","to":"C-EST-28","tipo":"CAMINO","distancia_metros":27},"geometry":{"coordinates":[[-98.11917134205078,19.40668407959656],[-98.11892912310722,19.406615192981008]],"type":"LineString"}},{"type":"Feature","properties":{"id":"C-218","from":"C-EST-28","to":"C-EST-29","tipo":"CAMINO","distancia_metros":90},"geometry":{"coordinates":[[-98.11892923450614,19.406615374532038],[-98.11813336175778,19.406303842844835]],"type":"LineString"}},{"type":"Feature","properties":{"id":"C-219","from":"C-EST-29","to":"EST-Z-01","tipo":"CAMINO","distancia_metros":29},"geometry":{"coordinates":[[-98.11813336175778,19.406304000958457],[-98.1181270456029,19.406562532567875]],"type":"LineString"},"id":437},{"type":"Feature","properties":{"id":"C-220","from":"C-EST-28","to":"C-EST-30","tipo":"CAMINO","distancia_metros":19},"geometry":{"coordinates":[[-98.11892940394017,19.406615478131286],[-98.11891053189495,19.40678398559767]],"type":"LineString"}},{"type":"Feature","properties":{"id":"C-221","from":"C-EST-30","to":"C-EST-31","tipo":"CAMINO","distancia_metros":22},"geometry":{"coordinates":[[-98.11891065992346,19.40678372814581],[-98.11888429927954,19.406975631993035]],"type":"LineString"}},{"type":"Feature","properties":{"id":"C-222","from":"C-EST-31","to":"C-EST-32","tipo":"CAMINO","distancia_metros":22},"geometry":{"coordinates":[[-98.11888407230963,19.40697537120768],[-98.11889211893623,19.40700841687061]],"type":"LineString"}},{"type":"Feature","properties":{"id":"C-223","from":"C-EST-32","to":"C-EST-33","tipo":"CAMINO","distancia_metros":5},"geometry":{"coordinates":[[-98.11889200943882,19.407008713036234],[-98.11893023091748,19.407028951525618]],"type":"LineString"}},{"type":"Feature","properties":{"id":"C-224","from":"C-EST-33","to":"C-EST-34","tipo":"CAMINO","distancia_metros":5},"geometry":{"coordinates":[[-98.11893016217843,19.407029183582424],[-98.11897911249325,19.40702602131975]],"type":"LineString"}},{"type":"Feature","properties":{"id":"C-225","from":"C-EST-34","to":"C-EST-35","tipo":"CAMINO","distancia_metros":4},"geometry":{"coordinates":[[-98.11897902000169,19.407025983093277],[-98.11900433334944,19.407005270263355]],"type":"LineString"}},{"type":"Feature","properties":{"id":"C-226","from":"C-EST-35","to":"C-EST-36","tipo":"CAMINO","distancia_metros":3},"geometry":{"coordinates":[[-98.11900416571098,19.407005586490527],[-98.1190058420917,19.40697933969463]],"type":"LineString"}},{"type":"Feature","properties":{"id":"C-227","from":"C-EST-36","to":"C-EST-30","tipo":"CAMINO","distancia_metros":24},"geometry":{"coordinates":[[-98.11900591395911,19.40697957911847],[-98.11891068271342,19.406783510803862]],"type":"LineString"}},{"type":"Feature","properties":{"id":"C-228","from":"C-EST-27","to":"C-EST-37","tipo":"CAMINO","distancia_metros":22},"geometry":{"coordinates":[[-98.11917136737233,19.406683982763298],[-98.11917124796643,19.40688268641688]],"type":"LineString"}},{"type":"Feature","properties":{"id":"C-229","from":"C-EST-37","to":"C-EST-42","tipo":"CAMINO","distancia_metros":66},"geometry":{"coordinates":[[-98.11917128683686,19.4068828075345],[-98.11978955429782,19.406975248749376]],"type":"LineString"}},{"type":"Feature","properties":{"id":"C-230","from":"C-EST-37","to":"C-EST-38","tipo":"CAMINO","distancia_metros":17},"geometry":{"coordinates":[[-98.11917122757333,19.406883064385624],[-98.11922115333202,19.407029954949223]],"type":"LineString"}},{"type":"Feature","properties":{"id":"C-231","from":"C-EST-38","to":"C-EST-39","tipo":"CAMINO","distancia_metros":60},"geometry":{"coordinates":[[-98.11922115333202,19.407030271176353],[-98.1197866781676,19.40709886694711]],"type":"LineString"}},{"type":"Feature","properties":{"id":"C-232","from":"C-EST-39","to":"C-EST-40","tipo":"CAMINO","distancia_metros":7},"geometry":{"coordinates":[[-98.11978650129022,19.407098925418836],[-98.11985221541082,19.407083588445346]],"type":"LineString"}},{"type":"Feature","properties":{"id":"C-233","from":"C-EST-40","to":"C-EST-41","tipo":"CAMINO","distancia_metros":13},"geometry":{"coordinates":[[-98.11985225672177,19.407083924785425],[-98.11981770699748,19.406972528297175]],"type":"LineString"}},{"type":"Feature","properties":{"id":"C-234","from":"C-EST-41","to":"C-EST-42","tipo":"CAMINO","distancia_metros":3},"geometry":{"coordinates":[[-98.11981787463529,19.406972528297175],[-98.11978971144086,19.406975216223145]],"type":"LineString"}},{"type":"Feature","properties":{"id":"C-235","from":"C-EST-41","to":"C-EST-43","tipo":"CAMINO","distancia_metros":4},"geometry":{"coordinates":[[-98.11981787465699,19.406972686397182],[-98.119850396441,19.40695829809114]],"type":"LineString"}},{"type":"Feature","properties":{"id":"C-236","from":"C-EST-43","to":"C-EST-26","tipo":"CAMINO","distancia_metros":11},"geometry":{"coordinates":[[-98.11985027407768,19.406958467986115],[-98.11993861933716,19.406899333617233]],"type":"LineString"}},{"type":"Feature","properties":{"id":"C-237","from":"C-EST-40","to":"C-EST-44","tipo":"CAMINO","distancia_metros":45},"geometry":{"coordinates":[[-98.11985223738657,19.407083771679766],[-98.1202797869456,19.407111032236216]],"type":"LineString"}},{"type":"Feature","properties":{"id":"C-238","from":"C-EST-44","to":"C-EST-24","tipo":"CAMINO","distancia_metros":9},"geometry":{"coordinates":[[-98.12027989961739,19.407110844748516],[-98.12030387186071,19.407028942137657]],"type":"LineString"}},{"type":"Feature","properties":{"id":"C-239","from":"C-EST-44","to":"C-EST-45","tipo":"CAMINO","distancia_metros":49},"geometry":{"coordinates":[[-98.12027989951812,19.40711084466446],[-98.12069701013924,19.407221538264196]],"type":"LineString"}},{"type":"Feature","properties":{"id":"C-240","from":"C-EST-45","to":"C-EST-46","tipo":"CAMINO","distancia_metros":30},"geometry":{"coordinates":[[-98.12069701445735,19.40722154382948],[-98.12097723622934,19.40726837008262]],"type":"LineString"}},{"type":"Feature","properties":{"id":"C-241","from":"C-EST-46","to":"C-EST-21","tipo":"CAMINO","distancia_metros":7},"geometry":{"coordinates":[[-98.12097740386592,19.407268528195928],[-98.12100556706035,19.40721287242694]],"type":"LineString"}},{"type":"Feature","properties":{"id":"PR-5","name":"NE-PUNTO REUNION-V","tipo":"PUNTO_REUNION","conexiones":"[\"CR-111\",\"CR-112\"]","edificio_asociado":"null"},"geometry":{"coordinates":[-98.11918125733102,19.40807283607164],"type":"Point"},"id":458},{"type":"Feature","properties":{"id":"CR-110","name":"NE-CRUCE-V","tipo":"CRUCE","conexiones":"[\"CR-21\",\"CR-111\",\"CR-112\"]","edificio_asociado":"null"},"geometry":{"coordinates":[-98.11921778740356,19.40805154834058],"type":"Point"},"id":459},{"type":"Feature","properties":{"id":"CR-111","name":"NE-CRUCE-V","tipo":"CRUCE","conexiones":"[\"CR-110\",\"PR-5\"]","edificio_asociado":"null"},"geometry":{"coordinates":[-98.1191830863142,19.40804870230366],"type":"Point"},"id":460},{"type":"Feature","properties":{"id":"C-28","from":"CR-21","to":"CR-110","tipo":"CAMINO","distancia_metros":15},"geometry":{"coordinates":[[-98.11923455118276,19.40791791446513],[-98.11921791441166,19.408051907573267]],"type":"LineString"}},{"type":"Feature","properties":{"id":"C-242","from":"CR-110","to":"CR-111","tipo":"CAMINO","distancia_metros":4},"geometry":{"coordinates":[[-98.11921791441166,19.408052065685226],[-98.11918321333219,19.408048745329253]],"type":"LineString"}},{"type":"Feature","properties":{"id":"C-243","from":"CR-111","to":"PR-5","tipo":"CAMINO","distancia_metros":3},"geometry":{"coordinates":[[-98.11918304569438,19.408048745329253],[-98.11918120167522,19.408073094605697]],"type":"LineString"},"id":463},{"type":"Feature","properties":{"id":"CR-112","name":"NE-CRUCE-V","tipo":"CRUCE","conexiones":"[\"CR-110\",\"PR-5\",\"CR-22\"]","edificio_asociado":"null"},"geometry":{"coordinates":[-98.11921391032301,19.408075789530216],"type":"Point"},"id":464},{"type":"Feature","properties":{"id":"C-244","from":"CR-110","to":"CR-112","tipo":"CAMINO","distancia_metros":3},"geometry":{"coordinates":[[-98.11921791989532,19.408051784147702],[-98.11921389658136,19.408076133423677]],"type":"LineString"}},{"type":"Feature","properties":{"id":"C-245","from":"CR-112","to":"PR-5","tipo":"CAMINO","distancia_metros":3},"geometry":{"coordinates":[[-98.11921372894355,19.408076133423677],[-98.11918103952107,19.40807297118012]],"type":"LineString"}},{"type":"Feature","properties":{"id":"C-246","from":"CR-112","to":"CR-22","tipo":"CAMINO","distancia_metros":8},"geometry":{"coordinates":[[-98.11921388189728,19.408075968425678],[-98.11920834984109,19.408148541896253]],"type":"LineString"}},{"type":"Feature","properties":{},"geometry":{"coordinates":[[-98.12102544131574,19.407606631742425],[-98.1207908385107,19.407577906802373],[-98.12082066481975,19.407362552503855],[-98.12105448356046,19.407391307541246],[-98.12102514487378,19.40760702962183]],"type":"LineString"}},{"type":"Feature","properties":{},"geometry":{"coordinates":[[-98.12097284547471,19.407949940977602],[-98.12074331473731,19.407917871759324],[-98.12077753973291,19.407696611167964],[-98.1210080520242,19.40772765147051],[-98.12097249067739,19.407950116797238]],"type":"LineString"}},{"type":"Feature","properties":{},"geometry":{"coordinates":[[-98.12064926095394,19.407914045332006],[-98.12052889682451,19.40789633675014],[-98.12056739952983,19.407660578865418],[-98.12068994295404,19.407678919922233],[-98.12065078154014,19.407913924723502],[-98.12064876988316,19.40791376661018]],"type":"LineString"}},{"type":"Feature","properties":{},"geometry":{"coordinates":[[-98.12086797983066,19.408536317494764],[-98.12064431434061,19.408512764745367],[-98.12069579877692,19.40810769660075],[-98.12092285139063,19.40813220157324],[-98.12086818542248,19.408536598472864]],"type":"LineString"}},{"type":"Feature","properties":{},"geometry":{"coordinates":[[-98.1205138391405,19.408063012982893],[-98.12037239891605,19.408047048877307],[-98.12033831339953,19.408319122048354],[-98.12040467634833,19.408326550877902],[-98.12040853076205,19.408285297163786],[-98.12041288792548,19.40828166177853],[-98.12048511580531,19.408289722967538],[-98.12051389404617,19.408063019782205]],"type":"LineString"}},{"type":"Feature","properties":{},"geometry":{"coordinates":[[-98.1202788210039,19.408613099252463],[-98.11989258053464,19.408580478342373],[-98.11991202098554,19.40835411035087],[-98.12030456201083,19.40839555390764],[-98.1202783473883,19.408613149485205]],"type":"LineString"}},{"type":"Feature","properties":{},"geometry":{"coordinates":[[-98.12013170765587,19.407820309201668],[-98.11985172436422,19.40778790063692],[-98.11987643343112,19.40759506209848],[-98.12016652952354,19.407629229205],[-98.12013180497061,19.407820287911107]],"type":"LineString"}},{"type":"Feature","properties":{},"geometry":{"coordinates":[[-98.11936264033885,19.407917837434056],[-98.11899177690682,19.407862307079398],[-98.11903726201086,19.40759088445911],[-98.11940721121734,19.40764719880481],[-98.1193767758159,19.4077682875008],[-98.1193624515052,19.407917747902587]],"type":"LineString"}},{"type":"Feature","properties":{},"geometry":{"coordinates":[[-98.11884611051315,19.40714764330089],[-98.11882062119159,19.407101933668145],[-98.11877098409126,19.407131035996386],[-98.11880733481172,19.407173850130818],[-98.11884607187282,19.4071480692713]],"type":"LineString"}},{"type":"Feature","properties":{},"geometry":{"coordinates":[[-98.1185642787843,19.4070404455684],[-98.1187617380955,19.40707688256839],[-98.11877710385906,19.40703344733211],[-98.11882664073008,19.40669577823897],[-98.11860632436849,19.40666016352648],[-98.11856404018397,19.40704023146074]],"type":"LineString"}},{"type":"Feature","properties":{},"geometry":{"coordinates":[[-98.11842632501991,19.406919778018164],[-98.1182043650643,19.406884499564853],[-98.11826614466335,19.40649960573859],[-98.11848460579954,19.40652759915706],[-98.11842600191436,19.40691978695226]],"type":"LineString"}},{"type":"Feature","properties":{},"geometry":{"coordinates":[[-98.12166631622301,19.40790026587453],[-98.1215494341671,19.407885081999808],[-98.1215892331747,19.407603704458197],[-98.12170604804712,19.407619375034756],[-98.12166608097394,19.407900151390066]],"type":"LineString"}},{"type":"Feature","properties":{},"geometry":{"coordinates":[[-98.12198562547188,19.408107559550515],[-98.12185113576186,19.408093957456956],[-98.12189493542128,19.407742974885636],[-98.12202798315937,19.407758027973188],[-98.1219854992797,19.408107580377845]],"type":"LineString"}},{"type":"Feature","properties":{},"geometry":{"coordinates":[[-98.1211819425464,19.408059588441674],[-98.12106405443375,19.408045037361276],[-98.12109561931396,19.40780883732053],[-98.1212135003488,19.407824020882103],[-98.1211818845102,19.408059612670215]],"type":"LineString"}},{"type":"Feature","properties":{},"geometry":{"coordinates":[[-98.12139561069102,19.408188456110608],[-98.12128375952307,19.408176277498143],[-98.12132215985056,19.407866081895406],[-98.12143357577433,19.40787706465794],[-98.12139529481712,19.40818843306971]],"type":"LineString"}},{"type":"Feature","properties":{},"geometry":{"coordinates":[[-98.12110333943423,19.408586144037116],[-98.12093999605112,19.408571196547683],[-98.12096699611259,19.40841177595246],[-98.12112289525403,19.408437791023132],[-98.12110291113717,19.408586342759023]],"type":"LineString"}},{"type":"Feature","properties":{},"geometry":{"coordinates":[[-98.12130008902264,19.408599699343625],[-98.12118605784701,19.40858862790637],[-98.12122026775631,19.408279532255946],[-98.12133448279667,19.408290752485115],[-98.12130029538993,19.408599955648796]],"type":"LineString"}},{"type":"Feature","properties":{},"geometry":{"coordinates":[[-98.12151080010895,19.408650701652476],[-98.1213919058392,19.408632512867285],[-98.12144574951733,19.408299674007196],[-98.12156391577811,19.40831614649271],[-98.12151049417977,19.40865058473139]],"type":"LineString"}},{"type":"Feature","properties":{},"geometry":{"coordinates":[[-98.12174504300839,19.4086667978966],[-98.12163604261994,19.408650665237317],[-98.12169261588261,19.408333875072856],[-98.12180278222955,19.40835026596531],[-98.12174498850374,19.408666831161753]],"type":"LineString"}},{"type":"Feature","properties":{},"geometry":{"coordinates":[[-98.12198650281147,19.40859354900472],[-98.12185469618787,19.408576151031326],[-98.12190566237285,19.40824401902863],[-98.12203727109045,19.408263054949714],[-98.12198649494238,19.408593644213084]],"type":"LineString"}},{"type":"Feature","properties":{"id":"AP-002","name":"ACCESO PRINCIPAL 2","tipo":"ACCESO PRINCIPAL","conexiones":"[\"SE-EST-0\",\"EE-EST-0\"]","edificio_asociado":"null"},"geometry":{"coordinates":[-98.12175550548191,19.407446410166855],"type":"Point"},"id":488}]}